State,Property Damage Costs,Lost Commodity Costs,Public/Private Property Damage Costs,Emergency Response Costs,Environmental Remediation Costs,Other Costs
KS,110,1517,0,0,0,0
ME,4000,8,0,0,0,0
LA,0,200,0,0,0,0
WI,200,40,0,11300,0,0
TX,20000,150,0,7500,2000,0
ND,76940,167775,150000,1800000,2000000,0
TX,0,400,0,0,70000,0
TX,400,13,0,0,0,0
TX,0,336,0,0,40000,0
TX,0,50,0,10000,10000,10000
LA,29360,136233,,,,
TX,30000,415,10000,7971,308883,0
KS,2000,150,0,3000,6500,500
OK,5000,150,0,0,100,32600
OK,6826,150,0,13357,0,0
IL,2500,0,0,30000,0,0
OK,175000,34000,68000,324000,1901615,15000
LA,0,254,0,0,0,0
TX,0,504,0,0,30000,0
MN,0,34,0,0,64645,2000
NY,5000,17,0,50000,20000,0
CA,0,75000,0,1000000,3500000,0
KS,0,180,700,0,1500,1500
IN,1000,100,0,0,0,0
CO,3500,500,0,10000,12000,0
IL,41000,85,0,5100,0,0
CA,1200,150,0,2000,4457,0
LA,85000,570,0,105000,10000,0
MS,2130,0,0,670,0,0
KS,0,0,0,3623,3263,1981
IN,2000,100,0,0,0,0
LA,30000,0,0,600000,37000,0
TX,50000,65,0,10000,0,0
ND,500,420,0,750,9500,0
KS,3000,500,0,2000,1000,0
WI,2500,35,0,0,1986,0
KS,100,200,0,3000,1500,0
LA,230000,400,30000,120000,0,0
LA,500,0,0,450,0,0
IN,0,0,0,2314,3063,0
IL,25900,15,0,1500,1900,1200
KS,1000,14,0,0,500,0
NJ,0,0,0,4400,12700,0
TX,3449,152,0,5634,84278,0
TX,700,585,0,600,11000,4600
TX,0,2360,0,0,0,24500
WA,500,90,0,2200,6000,0
IA,0,2286,0,0,126721,0
OK,966352,622934,7500,3000,0,0
NC,15200,50,0,0,0,700
TX,1134,150,0,11470,3264,0
MN,0,80,0,0,3000,16000
KS,3500,10,0,0,0,0
,100,75,0,598,0,0
LA,7000,500,13000,15000,27000,2500
LA,13500,94,0,0,0,0
MO,0,90,0,5849,5348,0
KS,0,11625,0,1000,72995,0
TX,2500,39,0,2500,0,0
TX,17019,78,0,7967,1000,0
WI,1000,60,0,5000,2000,0
IA,50,9000,2500,340000,160000,0
TX,0,10,0,755,0,0
NM,1000,160,0,0,0,0
TX,,46,,10999,452,
CA,60000,490,0,70000,299510,50000
OK,25000,0,0,6000,5000,18000
CA,0,800,0,2000,8000,6000
IL,12000,6500,0,120000,20000,0
TX,70000,30,0,36000,0,0
LA,166,107,0,4500,0,0
LA,500,20,0,2000,1000,0
OK,600,0,0,400,350,0
LA,400,415,0,3400,0,0
PA,0,0,0,0,100000,0
,2200000,1260,0,0,0,0
TX,0,58,0,0,30000,0
FL,15000,75000,0,212000,100000,35000
LA,10000,30,0,5000,1100,0
IL,6900,1140,0,22550,84700,0
MO,81600,29000,0,0,0,0
VA,30,140,0,56000,67226,0
MO,90000,240,0,51000,48000,0
OK,8000,12,0,0,0,0
WY,0,0,0,0,0,4000000
OK,2901,249,0,4665,0,0
LA,2200000,33600,0,8700000,3000000,0
KY,45000,504,0,35000,20000,0
TX,14500,90,0,4000,18000,0
MO,0,27,0,0,0,0
TX,0,30,0,125,125,1500
OK,131956,2,0,35946,0,0
TN,3500,424,0,27095,0,0
IN,0,37,0,75,0,35117
TX,0,9,0,0,30008,72952
TX,0,86,0,5000,0,0
TX,0,0,0,20000,0,300
MO,5000,0,0,0,0,0
TX,0,9,0,0,2500,0
MN,550000,350,20000,180000,216000,0
MN,6500,675,500,75000,60000,0
KS,170034,129618,2460,110000,163297,0
LA,0,1149,0,46135,0,0
MI,0,7018,0,171265,925684,0
KS,10,100,0,1000,12000,0
ID,38199,2772,0,15060,36825,0
KS,10000,153,2500,13000,92000,0
GA,0,380,0,0,28500,0
TX,5754,25,0,0,72409,0
TX,0,75,0,4500,0,0
IA,12000,30,5000,0,15000,0
KS,43500,50127,0,0,0,0
NJ,0,0,0,2007,21600,0
TX,0,0,0,0,0,1800
CA,0,130,0,13245,0,5000
NV,14000,518,0,0,25000,0
ND,100,0,0,0,5000,0
NM,30000,100,1000,,20000,
TX,0,23,0,0,0,800
TX,0,425,0,700,10000,250
LA,679337,0,0,700000,0,500000
TX,3500,75,3500,6500,8000,2000
TX,3500,72,0,0,190639,375
TX,1360,40,0,0,0,0
TX,2685,67,0,2000,2116,0
NJ,1000,50,0,19000,0,0
TX,35000,20000,0,15000,0,0
NJ,169800,25,0,50000,84870,500
KS,10000,12,0,500,500,0
OH,233000,800,0,99257,720000,0
SD,2500,8,0,155000,50000,0
TX,1300,340,0,2445,3350,2530
TX,0,0,0,500,25000,0
AK,27000000,238000,0,1700000,0,0
CO,1000,566,0,3500,0,0
LA,2720,1500,0,1000,,
KS,6000,1000,0,3500,1200,0
TX,6428,30,0,2481,560,0
KS,1500,65,0,3000,200,0
TX,500,71,0,0,0,4429
MI,275000,267246,45000,278000,1100000,0
TX,,150,0,,,
OK,0,12000,0,30000,21000,8000
SC,12000,58,0,0,10000,0
CA,59400,600,0,40000,50000,0
TX,150,0,0,0,0,0
TX,65262,199000,0,40000,0,0
OK,1500,199,0,155,0,0
MN,3000,141,0,7600,0,3000
TX,88506,252,10000,2000,50000,
ND,4700,70,0,300,1000,4000
IL,0,10,0,145736,141318,0
LA,,784,,,,
WI,8000,0,0,9000,313000,0
LA,61269,,,15000,,
SC,1000,885,0,0,25000,0
TX,1445,0,0,5613,9476,0
TX,2500,36,0,0,0,0
WY,750,300,0,400,6050,0
TX,24421,160,0,0,2000,0
UT,153554,0,0,18423499,13656687,0
OK,5000,480,0,3000,700,1000
OK,0,0,50,0,0,11548
WY,10000,375,0,5000,30000,0
LA,0,0,0,0,0,0
TX,1000,11,0,2000,2000,0
SD,250,167,0,5000,25000,0
LA,75000,30,,4000,,
OH,0,346,0,42451,0,0
TX,20300,160,0,1952,0,0
IL,125000,0,0,10000,0,0
NE,6000,3100,35000,620000,130000,12994
KS,8000,152,5000,0,55000,0
MN,14000,0,0,45000,78000,0
,83264,60,0,953616,0,0
OK,19342,69,0,10000,0,0
GA,345058,130124,0,49093,0,0
CA,3000,900,0,10000,0,0
OK,0,280,0,2000,0,0
TX,6000,250,0,0,0,0
TX,173000,75917,0,12400,,
TX,6702,414,0,12728,23517,0
TX,1500,35,0,6000,1500,1000
VA,300,0,0,5000,0,0
OK,0,49,0,0,0,0
TX,0,1294,0,0,0,0
IL,0,30,0,25000,928,0
OK,7700,1027,0,0,0,0
OK,15,25,0,120,0,0
IN,7215,75,0,14114,0,0
NJ,2000,300,0,5000,20000,0
CA,400,100,0,35000,14000,0
TX,15,66,0,120,0,0
NE,113311,50,2500,41800,5000,500
MI,3000000,126118,23000000,177000000,635000000,2400000
TX,0,48,0,24904,0,0
IL,25000,45,0,75000,137000,125000
MN,,,,3500,14852,
MT,300,23,0,0,200,0
MN,50000,5600,0,84000,690400,0
KS,2150,850,5000,2000,35000,0
TX,15000,227,0,2000,2000,0
CO,0,17,0,550,0,0
TX,1171,38,0,0,0,0
PA,1000,0,0,0,0,0
OH,6709,79,,3790,10660,
TX,1000,50,0,0,9994,0
OK,80000,30300,0,45000,85000,0
TX,0,0,0,600,0,0
TX,6750,240,0,1500,1100,0
TX,20000,43,0,0,200,0
TX,220000,25600,0,50000,0,0
NY,0,0,0,135935,363400,0
IN,5277000,37000,1740000,1800000,4330000,0
OK,3900,80,0,500,600,0
TX,15,38,0,120,0,0
NE,0,18,0,5000,28000,0
LA,0,0,0,0,28500,0
TX,,,,5000,15000,
ND,0,25,0,0,0,11000
TX,0,6860,0,46829,344350,0
OK,190,50,0,150,877,1532
MO,2000,0,0,3000,10000,0
TX,4820,180,0,,0,0
TX,18659,18,0,0,0,0
TX,2500,0,0,0,0,0
WY,15000,1260,0,0,0,0
NY,1441000,145332,62100,163324,0,0
TX,49000,50,0,0,0,0
TX,38700,100,0,7000,0,0
TX,0,222,0,1800,200,0
KS,,120,500,2000,1500,
OK,0,60,0,20000,25000,0
,0,0,0,0,0,0
MT,200,300,0,500,0,9500
AK,700,8,0,3420,0,0
KS,2500,60,0,3000,660,0
LA,0,17328,0,0,0,0
KS,0,60,0,0,0,0
KS,0,60,0,0,0,0
TX,0,43,0,5000,40000,2400
IL,2810324,70000,12233787,12146232,16538963,3594260
MI,20000,0,0,2500,2500,0
KS,70000,0,0,0,10000,0
LA,149622,14400,0,10900,3000,0
TX,7000,8000,0,50000,259657,39500
TX,16967,35,0,1863,0,0
IA,65520,46036,4800,0,0,0
TX,100,0,0,5000,35000,0
IL,,,,540,400,
TX,45000,5250,0,10000,0,0
TX,16000,10000,0,1400,0,0
TX,10431,142,0,7872,2639,0
MN,100,0,0,5000,15000,15000
TX,0,37,0,100,100,0
TX,3413,0,0,1800,3700,0
TX,500,20,0,0,500,0
TX,2246,77,0,1659,0,0
LA,35000,150,0,0,0,0
MI,0,0,0,70000,5000,0
TX,0,2000,0,0,260519,0
TX,7000,3850,0,0,53280,0
NJ,1000,200,0,0,6000,0
NJ,0,0,0,0,0,0
TX,600,675,0,250,0,0
TX,0,150,0,5000,0,24000
OK,0,50,0,0,5000,0
TX,7500,300,0,0,20000,0
IL,1500,90,0,400,0,0
TX,244000,6358,0,0,0,0
TX,0,0,0,4000,0,0
TX,10000,350,0,24650,0,0
TX,15670,330,0,5000,0,0
CA,550,292,0,31813,32309,0
TX,5000,40,0,2500,1000,0
OK,10,149,,,,
TX,25000,500,0,0,39600,0
IL,0,100,0,160,1500,0
TX,49955,45,0,0,0,30000
KS,10000,450,26500,5000,50000,0
CA,0,530,0,3000,1000,4000
OK,700,0,0,0,3000,0
MN,1000,0,0,5000,25000,0
CA,250000,15000,0,230000,270000,0
MN,33000,500,0,100000,260000,0
OK,5035,40,0,2293,0,0
OK,1500,0,500,0,45000,0
KS,0,0,0,300,0,0
IA,25000,650,500,10000,31281,0
TX,8875,405,0,5589,4565,0
TX,500,0,0,0,0,28685
TX,20000,20000,0,5000,0,0
LA,375000,40000,25000,524000,25000,0
AL,1000,50,0,12200,0,0
TX,82987,8500,0,212385,134188,0
NJ,0,200,0,5500,6000,0
KS,350,25,0,180,500,0
TX,11500,0,0,0,0,6500
CA,5000,65,0,0,0,0
MT,110000,7500,0,20000,50000,0
TX,1000,270,0,0,0,0
SC,2500,137,0,0,0,450
CA,5000,0,0,0,0,0
IA,27700,160,0,0,3150,0
NJ,140,60,0,19800,0,0
CA,1000,0,0,1000,0,0
TX,204,14,0,200,0,0
TX,80,30,0,800,700,500
AR,2500,0,0,0,8000,0
MI,50,0,0,0,10000,0
TX,55000,30862,0,25000,0,18000
UT,276656,1092448,0,7766523,5275771,6422527
IL,188580,50000,0,666080,3804906,0
TX,12000,75,0,1800,2800,0
TX,21778,3825,0,28546,101191,0
TX,7500,500,0,3500,10000,0
IA,0,66,0,0,1800,0
KS,300,75,0,0,0,0
OK,0,30,0,500,0,0
MD,2500,150,0,7745,0,0
NJ,13500,0,0,35100,19000,0
TX,15000,0,0,200000,35000,0
TX,1000,50,0,0,0,0
ND,1000,200,0,2000,2500,0
IL,250,50,0,150,3000,0
TX,570000,25,0,5000,0,0
OK,74000,12987,0,0,0,0
KS,61000,155075,0,0,0,0
OK,46397,17413,0,389430,3000,0
MN,79087,237477,0,45565,0,0
MI,0,0,0,1096,6255,2163
KS,500,62,0,2000,200,0
KS,200,20,0,200,200,0
MO,0,21,0,0,20000,0
IL,147320,0,0,9196220,10152365,0
TX,200,0,0,0,0,0
MO,0,60,0,0,0,0
SC,300,40,0,2500,0,0
MS,30942,1432,0,15715,102443,0
NJ,12000,2292,0,0,6450,0
TX,0,55,0,1000,3000,0
LA,58283,140703,4000,2659,0,0
NE,4200,62,500,22000,2000,0
TX,115000,355,0,10000,0,0
TX,11000,50,0,1000,5000,500
CA,123000,2700,0,33000,702000,0
IA,11355,660,0,12500,40000,0
KS,0,387,0,0,0,0
TX,3500,2250,0,8400,30000,0
IL,15000,350,0,0,35000,200000
IL,800,1355,0,0,0,0
TX,1250,44,0,1261,0,0
TX,200,400,0,0,0,0
WY,0,1800,5000,1000,12000,0
TX,45000,150,0,0,0,0
TX,50,75,0,0,0,4500
TX,35000,60,0,0,11000,0
AK,14130000,0,0,1570000,0,0
VA,25,1089,0,18588,0,0
TX,42315,0,0,0,0,15000
OK,7000,18899,0,0,0,0
TX,0,11,0,0,0,500
TX,600,0,0,0,0,4950
OK,24000,200,0,1000,5000,0
OK,0,43,0,0,0,0
MD,400,50,0,2153,0,0
NJ,0,0,0,6300,29400,0
IL,1000,20,0,3500,1000,0
MS,0,2,0,0,0,0
NJ,12000,75,0,48000,0,0
IN,0,0,0,35000,40000,0
OK,83560,90304,0,101501,541365,0
TX,664,948,0,0,0,0
LA,4830,170,0,15000,0,0
TX,38200,0,0,3400,0,0
LA,800000,6900,0,100000,0,0
TX,17111,297000,40000,683101,3431044,0
PR,90005,0,0,353192,0,47079
MO,0,45,0,5000,15000,0
TX,0,600,0,45000,0,0
PA,0,0,0,3200,0,0
AR,1500,200,0,0,35000,0
OK,0,65,0,5000,20000,0
OK,0,50,0,20000,0,4000
IN,0,0,0,5250,0,0
MN,10,15,0,0,5000,0
TX,200,92000,0,3000,20000,0
IL,5000,300,0,0,588900,0
NJ,0,1500,0,5000,60000,0
TX,500,25,0,0,500,0
PA,0,0,0,257250,0,0
TX,4000,8360,0,0,0,0
TX,0,0,0,0,0,0
TX,35000,2520,0,0,60000,0
TX,8370,42,0,7973,2043,0
NM,500,6109,0,975,0,0
TX,3623,1312,0,44678,76445,0
TX,1597,83,0,2964,1125,0
WY,5,153,0,0,0,0
OK,13895,4713,0,6500,41913,0
TX,64111,93012,1000,2520,0,0
KS,500,13920,10000,10000,20000,0
NJ,0,0,0,0,2500,0
NJ,40000,900,0,60000,52500,0
KS,1500,24,0,1500,2500,0
OK,100000,4905,25000,12000,15000,0
IA,1000,25,12000,0,15000,0
MT,9500,20,0,250,1000,0
TX,500,50,0,500,0,0
TX,0,50,750,0,0,0
CO,0,25,0,1000,2000,0
OK,43438,320,0,1000,107692,7924
IL,0,0,0,6175,3360,0
MT,0,300,0,2000,10000,0
AL,0,360,0,0,4000,0
NJ,397,28,0,1026,0,0
TX,403000,60817,0,149000,1777200,0
LA,500,41,0,0,0,0
ND,0,0,0,0,3000,0
OK,7000,0,0,0,250,0
KS,18382,0,0,19083,5000,0
OK,18000,2375,0,2000,0,0
TX,13500,5,0,0,0,0
VA,56,57,0,4500,0,0
MT,3500,250,0,0,25000,2500
WY,0,8000,0,22572,0,0
OK,0,200,0,1000,0,0
MI,8450,100,0,5500,5000,0
CT,35000,80000,100000,200000,1817739,0
NJ,1000000,3000,0,30791,347000,0
LA,1600,25,0,3000,0,0
OK,40594,45,400,100,0,0
KS,2500,1800,0,85000,250000,0
TX,0,200,0,0,1000,0
TX,1000,100,0,0,1000,0
PA,304203,0,0,0,453434,0
TX,1000,100,0,0,1000,0
TX,500,600,0,5500,0,1450
TX,7500,200,3400,9940,24500,0
IL,0,54,0,15000,5700,0
NC,1200,37,0,0,0,0
KY,0,14700,0,6700,4200,0
OK,4000,0,0,3000,500,0
NE,4500,100,0,500,500,0
IL,0,10,0,0,500,0
ID,30000,33516,0,65000,90000,0
TX,5000,100,0,0,0,0
TX,1500,200,0,1538,6887,0
WI,67647,0,0,47000,8000,0
TX,7500,400,0,2500,500,0
LA,523867,35633,0,0,0,0
MD,392,30,0,2170,0,0
CA,1500,100,0,3000,0,0
TX,300,25,0,1500,0,0
WI,23000,0,0,10000,561361,0
IN,0,0,0,5200,20675,0
ND,1840,102,0,630,0,0
MI,193000,350000,0,14885903,20300000,0
OK,1000,110,0,20000,0,0
TX,0,105,0,1309,0,0
TX,6500,100,0,0,0,500
KS,13000,1125,1000,1000,25000,0
KS,20000,150,1000,1000,25000,0
CA,35000,100,0,0,1000,0
CA,1000,1301,0,25000,0,0
TX,23450,219,0,23767,2396,0
TX,5000,100,0,0,0,0
TX,4000,200,0,750,4500,0
TX,125,90,0,0,0,0
WY,500,50,0,360,2000,0
KS,0,9690,0,68000,2000,20012
CA,1500,700,0,1800,0,0
TX,0,18,0,0,0,50
KS,1291,1023,0,0,0,0
ND,25000,40000,1000,250000,750000,250000
OH,100,7500,0,184745,64690,0
TX,500,105,0,0,2000,0
IA,0,25,0,200,5000,0
MI,0,0,0,0,0,0
IL,549459,7140,20000,15000,129589,0
OH,75630,0,0,160080,0,0
IL,0,0,0,1000,29000,0
OH,178000,10,0,0,0,0
KS,1000,100,0,5000,2500,0
OK,500,9775,0,5000,90534,0
TX,10000,58,0,0,1000,0
CA,4500,400,0,3000,0,0
IL,200000,547,0,100000,115000,0
KS,25000,8500,0,120000,180000,0
MI,33600,100,0,0,300,0
TX,250,25,0,250,3000,0
TX,500,65,0,1500,0,0
IA,2000,50,0,0,15000,0
IA,0,80,0,0,8000,0
GA,7500,0,0,40,0,0
TX,0,600,0,0,51720,0
TX,1000,706140,0,20000,633290,0
KS,0,30,0,0,25000,0
IA,20000,588,20000,57000,10000,0
TX,13000,52,0,0,0,0
CA,0,40,0,250,0,0
OK,9070,23,0,1350,100,0
TX,1,42,0,0,0,0
,1200000,0,0,150000,0,1050000
TX,100,1670,0,0,0,0
MS,28489,99,0,0,0,0
PA,0,0,0,0,0,0
TX,40903,64929,0,3000,0,0
OK,125,142,0,0,0,0
OH,25000,915,0,15000,79973,0
LA,1500,86,0,0,0,0
TX,100,1500,0,6000,5500,0
TX,303053,47250,10000,1000,5000,278697
TX,500,90,0,0,1000,0
OK,4645,2000,0,0,70620,0
TX,16400,2000,0,6000,20000,0
NJ,3000,40,0,3500,8000,0
CA,0,400,0,45000,0,0
TX,0,350,0,74500,83250,0
NE,10000,325,3000,8000,130680,0
CA,50000,2000,25000,250000,434000,150000
TX,5000,20,5000,106417,0,516393
LA,3600,92,0,300,0,0
MT,5000000,150000,7500000,100000000,0,22350000
TX,10000,3000,0,40000,5000,0
SD,4000,70,0,0,2500,0
OK,10,177,0,0,0,0
KS,71000,750,0,13000,245000,0
OK,0,50,0,0,5000,0
TX,52,26,0,700,0,0
IL,107000,60,0,40000,21000,21000
TX,7057,945,0,14183,5355,0
TX,20000,100,0,0,0,0
NE,930000,6500,0,20000,0,0
TX,820,448,0,100,0,0
OK,10,38,0,100,0,0
LA,0,192,0,30000,0,0
TX,125000,62178,0,1500,0,0
IA,2000,20,500,1500,700,0
OK,0,21,0,0,200,0
TX,2000,150,0,0,28000,0
TX,0,144,0,2394,1037,0
FL,167450,82340,0,0,4491597,0
KS,35000,2175,0,30000,75000,0
TX,9514,12300,0,7992,20110,0
KY,0,0,0,0,0,0
TX,0,50,0,7550,0,0
TX,350,1500,0,20000,41200,0
OK,35000,0,0,0,0,0
LA,100,40,0,0,6000,0
KS,1000,4240,0,50000,717919,0
CA,160000,0,0,50000,40000,0
CA,7000,250,0,5000,0,0
CA,35128,3066,1465,65227,91754,0
TX,20000,16150,20400,100000,320000,0
IL,350000,277,1000,40000,20000,0
NE,15,507,0,4500,7500,0
CA,1000,46,0,1000,0,0
MS,111000,994,0,16000,0,0
CA,5000,70,0,15000,10000,0
IL,0,12,0,0,185,0
TX,5000,100,0,0,0,0
TX,15000,240,0,5000,25000,0
TX,25000,400,0,0,15000,0
TX,40000,12350,9400,100000,770000,0
IA,7368470,80595,0,135000,85000,0
IL,18103,0,0,6977,150000,0
WI,1300,0,0,25000,55000,0
CA,1500,300,1000,20000,25000,2000
OK,2500,229,0,0,0,0
OH,0,40,0,312,1800,0
LA,56000,617,0,131000,50000,4000
TX,100000,4500,0,0,230000,4000
TX,5000,1500,0,10000,25000,0
IA,30000,13,0,0,0,0
OK,28,1714,0,0,0,0
CA,2000,4791,0,15000,388209,0
IA,350,20,0,0,0,1000
CA,580000,0,0,0,0,0
TX,5,40,0,0,0,0
CA,20000,5040,0,250000,1000000,0
IL,0,20,0,4637,5527,0
TX,23938,251,0,1600,1809,0
TX,4075,171,0,5395,1263,0
KS,100,127,0,0,0,0
SD,0,0,0,125,100,0
TX,4000,400,0,1500,2000,0
CA,26000,0,0,0,0,0
TX,20000,427,0,8000,8000,0
TX,15525,53280,0,24550,46675,0
TX,400000,1001020,0,100000,0,0
NJ,0,300,0,780,0,2750
CA,500,10,0,500,200,0
KS,0,10,0,0,0,0
,2000000,10,0,0,0,0
TX,147800,0,0,450000,1984300,0
OK,2000000,146,5000,120000,1218050,0
TX,150000,4,0,0,0,0
TX,125664,4950,0,31650,0,0
OK,0,0,0,0,10200,0
WA,10000,50,0,1900,7600,0
WY,50,1000,0,34650,3450,0
NY,0,0,0,84345,75840,0
NY,82070,0,0,497010,2818697,0
LA,62500,42,0,5000,0,0
TX,250,2640,0,9700,0,0
TX,12500,80,0,0,15575,0
WY,2000,70,0,0,5000,0
ND,150,1600,0,2500,225000,0
WI,20100,0,0,80000,20000,0
PA,54591,0,0,150000,161000,0
SD,20000,357,0,0,17250,0
IL,0,1000,0,10000,55000,0
TX,10000,2500,0,5000,0,0
CA,10000,4100,0,5000,0,10000
NJ,4000,0,0,500,50000,0
TX,1684,36,0,1588,0,0
OK,1423,0,0,2989,7845,0
KS,35000,62300,0,50000,520541,0
TX,0,0,0,0,0,0
KS,5000,0,0,1000,3000,0
OK,2500,80,0,2500,1000,0
OK,919,104140,11000,403295,66217,180979
TX,0,17000,0,500,53030,0
IL,0,750,0,13000,0,0
TX,2095,82,0,1598,745,0
IN,12000,3500,0,102000,177500,0
TX,0,10,0,0,0,0
OK,0,0,0,500,0,0
OK,0,270,0,2066,0,0
SC,15000,56,0,2000,400,0
TX,1500,2000,0,9000,29000,0
IL,0,60,0,0,500,0
OK,20,235,0,500,4745,0
TX,17500,20,0,0,7550,0
GA,100,2840,0,1000,0,31500
TX,5000,400,0,0,1000,0
CA,2500,150,0,2500,500,0
IN,0,0,0,20000,0,0
TX,1000,540,0,18000,10000,0
OK,0,25,0,0,750,0
NJ,2000,100,0,0,30000,0
TX,0,45,0,0,0,0
TX,1500,1900,0,5000,35000,0
IL,155534,322105,0,2000,0,0
CA,85000,4410,0,1000000,750000,0
LA,517016,35296,0,0,0,0
MN,2300,0,0,3000,2000,0
LA,16000,100,0,0,0,0
OK,1000,10,0,1000,0,0
TX,40,150,0,5000,0,0
ND,29525,3630,0,2835,4353,0
TX,38920,9000,0,1392,0,0
WY,15830,282301,17000,2000,1555415,0
TX,0,87130,0,0,0,0
TX,385000,900,0,0,0,0
OK,37731,5225,0,10000,58695,0
IL,313899,0,0,4000,142645,0
MN,1100,0,0,0,2000,0
NJ,1800,200,0,4500,7800,0
IL,660000,1,19600,27000,2750,0
LA,0,2785,0,0,0,0
TX,3500,10000,0,0,5900000,0
TX,50000,0,0,26500,18500,30000
TX,1650,35,0,2000,500,0
TX,20000,500,0,0,20000,0
CA,340000,0,0,0,0,0
TX,0,3,0,0,0,0
TX,1000,150,0,0,0,0
AL,20000,10000,3200,300000,500000,0
ND,6232,10000,0,5000,0,0
IA,15200,30,0,500,0,0
TX,26500,400,0,17221,8000,0
TX,10,95,0,0,4500,0
NM,190000,4750,0,0,0,0
OK,15085,14886,1000,1500,0,0
ND,4737,47302,0,5546,1940,0
LA,97000,70,0,10000,10000,0
NE,31000,62384,3500,240000,1778261,131700
NE,31000,95147,3500,240000,1779261,131700
TX,100,96,0,500,7000,0
TX,65,32,0,600,0,0
CA,0,50,0,12000,0,61000
NC,2456,415,0,15000,4743,0
OK,5000,31500,1000,10000,240000,0
SC,2600,1266,0,0,0,0
TX,10,90,0,0,15000,0
TX,0,242,0,5192,0,0
MO,5000,67,0,0,744,0
TX,0,100,0,500,500,0
TX,105000,100000,0,12000,0,0
TX,0,0,0,10500,0,0
TX,100,30,0,0,1500,0
TX,940,192,0,900,1580,0
KS,3000,4000,2500,5000,142800,0
OK,1600,292,0,600,0,0
WY,2000,150,0,3700,700,0
TX,35000,11466,0,5000,38156,0
TX,100,15,0,600,600,0
LA,0,50,0,10000,0,0
TX,3837,292,5000,10000,4000,0
CA,500,85,0,2000,500,0
OK,30,3,0,0,0,0
OH,852922,3289,716710,14091554,2240119,0
GA,0,40,0,10000,0,0
AK,6415,0,0,24825,6000,0
CA,75000,200,0,38000,15000,0
NJ,154099,12000,0,67207,78541,0
TX,35000,5,0,0,0,0
SC,550000,32000,0,64000,454000,0
KS,2000,30,0,0,0,0
MS,32535,120,0,59868,0,0
IL,500,0,0,3500,500,0
IA,3,890,0,1500,3000,0
LA,1000,0,0,4000,0,0
PA,0,25,0,800,100,0
AR,14035,97,5000,3400,20000,0
WI,264734,759,0,300,0,0
NM,200,37,0,100,2500,0
WY,15000,17550,0,5000,87610,0
KS,5000,36000,0,5000,132748,0
TX,181,0,0,0,0,0
WI,11614000,11000,0,4125000,200000,0
TX,1500,50,0,0,0,0
TX,2000,2600,5000,26000,10000,12000
TX,19500,40,0,0,19000,0
IN,19230,0,0,6000,0,1998
OK,0,200,0,0,17096,0
CA,20000,50,0,5000,0,0
OH,40500,0,0,43000,12500,0
TX,0,34,0,2000,0,0
KS,10000,75,0,0,0,1500
LA,0,0,0,1000,2000,0
OK,0,10000,0,20000,45000,0
MN,500,165425,0,414000,1797701,0
TX,1000,100,0,5000,10350,0
LA,825000,50,0,0,0,0
MT,480,30,0,0,100,0
TX,1000,1600,0,50000,849000,0
MI,50000,2000,0,120000,128000,0
NJ,100,1000,0,30000,30000,0
WI,2370,184,0,39742,1364,0
TX,4000,3,0,0,6000,0
MD,0,0,0,0,0,0
IN,0,0,5000,53360,0,0
TX,0,50,0,22457,0,0
MN,400,10,0,6000,4900,0
MN,50,19,0,0,3204,0
SD,12000,14340,10000,155000,75000,0
IN,10000,1000,0,80000,34000,0
MT,200,32,0,0,100,0
MT,10000,24650,200000,10000,0,0
OK,700,53,0,3500,0,0
TX,10000,5000,200000,0,750000,0
TX,0,207,0,0,1000,0
TX,40000,0,0,0,5000,0
TX,0,12,5000,6000,4000,0
TX,6000,12740,0,4200,16000,0
IL,864819,124500,0,915512,931946,0
LA,400000,625,0,0,0,0
TX,0,200,0,0,1850,0
TX,4800,50,0,5150,8160,0
TX,0,300,0,700,800,0
TX,0,100,0,10000,15000,0
NE,250,0,0,200,0,0
OK,0,30,0,1000,0,0
IN,150,15,0,0,0,0
TX,500,25,0,7000,0,0
NJ,100,20,0,100,2000,0
NJ,100,100,0,500,150000,0
LA,0,259,0,0,0,0
MT,0,50,0,1000,0,3500
TX,23000,15,0,0,0,0
LA,1054438,1500,0,1745562,0,0
TX,26456,300,0,0,9306,0
TX,250,50,0,0,500,0
MN,15000,0,0,25000,0,0
IL,0,750,0,100000,0,0
MN,500,200,0,5000,37000,0
IL,38500,8200,79079,70000,710721,0
MN,25000,0,0,60000,15000,0
KS,111000,500,0,53300,373000,100000
TX,0,49,0,0,0,0
IL,0,40,0,500,5500,0
IL,120000,0,0,100,300,0
NE,9500,30000,0,96753,51842,0
TX,28072,1764,4000,96446,18000,30000
TX,15000,7500,0,10000,36588,0
WA,100,300,0,7500,0,0
WA,100,150,0,7000,0,0
TX,300,0,0,1500,0,0
TX,2911,0,0,0,0,0
IL,0,0,0,35000,0,0
TX,3000,315,0,3000,3000,0
TX,7000,0,0,2200,1000,0
OH,833000,0,0,5000,35370,50000
TX,2911,1,0,0,0,0
MO,0,2000,0,152500,332000,0
TX,250000,5,0,0,100000,0
MN,3100,0,0,7000,0,0
TX,2770,500,0,9106,12684,0
OK,1560277,60000,0,63100,14950,0
CA,0,0,0,5000,10000,0
OK,100,73,0,150,0,0
MS,1000,104,0,13372,0,0
LA,40000,100,0,1500,40000,0
LA,0,12,0,0,300,0
MN,25,25,0,0,2000,0
IL,5000,0,0,43000,0,5000
TX,100000,11600,0,5000,40000,0
OK,7000,50,0,2700,0,0
KS,1000,100,0,2000,500,0
TX,100,40,0,9000,0,0
TX,1000,70,1000,25000,12000,0
NJ,4000,100,0,0,217000,0
CA,500,230,0,3800,1500,0
TX,11000,0,0,0,11000,0
CA,45000,500,25000,325000,10000,0
AK,980,0,0,1500,600,0
IN,25000,100,0,2000,0,0
KY,8500,0,0,1400,0,0
TX,2500,350,0,6000,6000,0
NJ,0,0,0,1060,3600,0
OK,2000,50,0,0,8000,0
LA,267200,91520,0,7220442,0,91500
OK,0,0,0,2800,0,0
TX,22000,75,0,2520,2000,6000
TX,250,370,0,150,0,0
AL,0,0,0,12000,0,0
KS,5300,40,0,0,1500,0
MO,16000,25,0,5000,3500,0
LA,7000,75,0,2500,0,0
TX,59440,1870,0,0,198223,0
NJ,3700,100,0,3003,1000,0
TX,4000,20,0,0,0,0
OK,10000,0,0,3000,0,112000
ND,4195,3500,0,7240,57550,3000
MO,40221,300,10016,0,46494,0
TX,0,0,0,0,0,0
MO,6000,600,2000,0,33370,0
OK,0,315,0,3000,16000,7000
WY,1700,13,0,2500,0,0
IL,27901,0,0,174672,160350,32856
TX,1350,176,0,783,8145,0
TX,7000,55,0,0,0,0
NJ,55000,500,37000,0,342000,0
TX,200,150,0,4000,0,0
MN,17000,1911,5000,15000,30000,0
CA,0,0,0,0,5000,0
GA,2800,1750,0,22733,13000,0
TX,2000,250,0,0,30078,0
OK,7000,180,0,3000,2500,0
WI,2500,0,0,10100,17500,0
OK,1500,270,0,2000,2500,1500
TX,5000,24000,0,15000,41249,0
TX,25,117250,0,120,0,0
TX,0,0,0,0,0,0
KS,1000,1000,0,5000,2500,1000
OH,1000000,0,0,495000,28241,0
CA,4500,49,0,1000,0,5500
CA,8000,48,0,5000,1000,2500
TX,4000,950,0,2500,0,0
LA,50000,0,0,5000,0,0
KS,100000,34984,20000,97534,700000,0
TX,0,0,0,100,0,0
TX,1000,25,0,500,2000,0
MS,3000,0,0,500,0,0
TX,4000,475,0,3000,0,0
TX,3000,800,0,1000,21753,0
TX,1500,100,0,500,3100,0
OK,0,0,0,2750,500,0
KS,6020,200,2500,10500,8500,16000
PA,0,0,0,0,60000,27000
TX,0,0,0,130000,0,0
TX,2500,100,0,0,2856,0
TX,2500,9,0,400,0,0
KS,5000,250,91411,50000,5000,0
CO,500,55,0,0,500,0
OH,0,4000,0,9000,46000,0
MO,17000,20,0,18000,0,0
KS,200,200,0,1500,5000,0
TX,11500,68000,0,5500,150000,0
TX,3500,0,0,14000,0,0
OK,90000,19000,8000,50000,136000,0
CA,1000,0,0,25000,75000,75000
TX,1500,100,0,0,8000,0
NM,0,0,0,1000,11000,1000
TX,0,12,0,125,1000,0
TX,15500,162,0,500,2000,0
TX,18000,0,0,0,0,0
PA,370115,0,0,10423,0,0
KS,100,500,0,3500,6000,0
LA,500000,850,0,5000,0,0
WI,313944,100000,0,10058698,6941133,5809733
LA,0,50,0,2700,0,0
LA,10000,0,0,5000,0,0
TX,3000,245,0,0,0,0
WY,100,200,0,4000,0,0
TX,450500,173004,0,255000,200000,83500
TX,1800000,500,0,0,20000,0
NY,10000,3900,0,40000,8500,0
TX,2000000,13980,0,200000,4000000,0
OK,25000,100,0,1500,1000,0
MN,23877,80,0,0,11068,0
KS,1000,20,0,0,50,1000
TX,26000,0,0,0,10000,0
TX,0,92,0,5000,0,0
WI,1510369,133133,1027158,623877,1680707,39164
VA,500,120,0,10000,4000,0
TX,25,8840,0,60,0,0
MO,7395,53,0,8012,0,0
TX,0,40,0,3000,2000,0
OK,15000,0,0,5000,0,0
WI,9500,0,0,25000,0,0
AL,100,30,0,7000,13000,0
TX,500,50,0,0,0,0
TX,937,2100,0,82641,0,0
OR,75494,50,0,0,0,0
TX,4387,300,0,4321,3445,0
NM,6500,300,0,600,0,0
GA,1750,170,0,23250,2000,0
KS,500,50,0,0,500,0
PA,0,0,0,0,46000,0
OK,925,16,0,50,0,0
TX,5200,500,0,0,16000,0
TX,10000,50,0,20000,0,100000
IL,476000,1980,0,0,189000,0
FL,100000,500,30000,50000,5000,0
WY,3000,0,0,3000,0,0
IL,89878,20,0,15504,0,0
TX,35000,1500,0,215000,250000,0
WY,3000,0,0,4000,9000,0
IL,160000,2000,0,2726171,2555000,580000
MT,0,0,0,0,0,250
KS,58000,0,0,6000,0,15000
TX,0,200,0,20000,0,0
CA,375,0,0,2000,0,0
LA,0,110,0,1000,0,0
TX,50000,168,0,2500,0,0
MI,10000,0,0,10000,0,0
TX,14750,1000,0,25000,0,0
IA,200,708,1781,9650,25000,400
NJ,500,64,0,5000,5000,0
CA,0,0,0,2000,0,0
LA,470000,2,0,0,0,0
IA,5000,4408,2700,5086,25000,300
NJ,51000,1,0,0,17900,0
TX,1430918,2,0,0,0,0
NJ,0,72,0,9034,0,1624
TX,20000,12000,0,20000,60000,0
LA,50,100,0,2500,0,0
KS,500,25,0,500,250,200
LA,200,325,0,0,0,0
TX,160000,94000,0,10000,0,0
TX,20000,4000,0,20000,110000,0
TX,40000,1000,0,3000,0,0
TX,7000,160,0,30000,0,500
TX,3000,100,0,0,7500,0
TX,500,100,0,3000,0,0
CA,25000,0,0,20000,0,0
TX,25000,43,0,0,1500,0
TX,0,0,0,2000,0,0
CA,10000,20,0,15000,500,0
TX,500,100,0,750,250,0
CA,10700,2118,0,50000,10500,20000
IN,1500,130,0,2000,0,0
IL,26000,0,0,56000,0,0
TX,1000,200,0,0,1000,0
TX,1385,276,0,2382,20555,0
TX,300,150,0,0,600,0
CA,144000,0,0,101000,0,0
WY,150000,1700,0,500,15000,0
TX,7000,24,0,0,0,0
TN,350000,10800,0,375000,550000,0
LA,247849,4800,0,50000,20000,0
VA,25000,600,0,60000,0,0
OK,160862,7500,0,18130,7035,0
CO,0,1000,0,0,0,0
LA,0,184,0,8682,1324,0
OK,0,0,0,17000,0,0
IL,0,135,0,15000,60284,0
CA,50,962,0,12000,3000,0
LA,5000,160,0,15000,5000,0
LA,120000,0,0,50000,0,0
UT,3500,3500,0,6000,19477,0
CA,0,0,25000,0,0,1200
CA,50000,0,0,4000,0,0
TX,4000,5400,0,0,67000,6300
OK,15000,100,0,75000,5000,0
TX,10000,40000,0,10000,15800,20000
TX,3462,1,0,0,0,0
KS,3500,20,0,200,100,0
MN,42000,20,0,1000,1000,0
IL,332463,1000,0,0,90000,0
TX,35000,8000,0,15000,30000,0
WY,10000,15000,0,0,10000,0
LA,14350,0,0,2850,0,0
OK,800,48,0,2800,0,0
CA,1000,84,0,500,6000,0
,200000,5,0,30000,0,0
NJ,20000,0,0,0,15400,0
IA,25000,18000,0,25000,0,0
OK,107000,5000,0,250000,0,0
CA,285000,0,20000,200000,180000,495000
IA,2000,200,0,10000,20000,0
WA,0,0,0,0,2500,70
TX,0,260,0,3102,52422,0
NM,600,360,0,1500,0,0
TX,10000,41,0,1000,1000,0
ND,734810,7600,0,734805,925936,0
MT,200,125,0,200,0,0
LA,2000,50,0,2000,15000,0
TX,1000,2450,0,180000,0,0
TX,500,0,0,1000,500,0
TX,175000,0,0,0,0,0
WY,30000,600,0,5000,5000,0
IL,2000000,0,0,300000,5500000,2000000
OK,4169,0,0,1085,8614,0
TX,12200,200,0,7000,0,0
NE,26000,7500,15000,260000,624500,0
IA,80000,1100,0,12000,60000,5000
WY,5000,500,0,0,10000,0
TX,30000,6700,0,200000,259000,0
CA,71000,4000,0,60000,12000,0
IL,5800,0,0,1300,0,5100
KS,52529,3,0,9945,0,0
OK,498,160,0,1758,0,0
TX,50000,2814,0,0,67015,0
TX,100000,1311,0,200000,0,0
TX,0,43897,0,0,0,0
LA,0,265,0,18000,7000,0
TX,7000,0,0,0,0,0
NJ,0,670,0,23025,10000,15000
LA,25000,218500,0,250000,0,0
NJ,65735,0,0,47583,0,0
KS,3000,450,0,3000,2000,0
TX,125000,500,0,1500,11000,0
TX,300,100,0,0,0,1500
OK,40000,7000,0,50000,60000,0
VA,3500,88,0,6000,5000,0
PA,5000,0,0,4000,2000,0
NE,14819,1862,0,11889,141625,0
KS,65000,8925,5000,35000,1400000,0
TX,0,20,0,0,25000,0
TX,50000,205891,1000,0,0,0
TX,2800,80,0,0,0,0
LA,0,0,0,0,0,0
KY,19000,0,0,2000,0,0
ND,0,20,0,37186,20238,19888
MI,1110105,300,0,23199,46879,35600
TX,4000,30,0,1500,4000,0
IL,12000,300,0,5000,25000,0
MS,0,1000,0,0,400000,0
MS,6000,595,0,812,30000,0
WY,2000,80,0,2700,200,0
TX,0,100,0,1500,0,0
NM,5340,12082,0,500,4660,0
VA,0,250,0,40000,0,0
MI,6000,0,0,0,0,0
KS,852,448,0,5746,4420,4000
LA,0,90,0,9000,2000,0
NC,1250000,2922,0,200000,100000,0
MN,0,44,0,66874,0,0
GA,6500,300,0,3000,0,0
TX,31500,179,0,4000,1629,0
PA,10000,1400,0,84000,130000,0
KS,65000,23,0,35000,500,0
OK,1500,0,0,0,0,0
TX,2000,897,0,33632,8500,0
CA,100,29,0,2000,300,0
AL,5000,40,0,1500,3500,0
OK,133500,0,0,2500,0,0
IA,121000,28,5000,1000,5000,24000
LA,5000,20,0,10000,0,0
TX,500,200,0,0,5000,0
TX,0,100,0,25000,0,0
IN,5420,200,0,19180,40573,0
OK,3500,100,0,0,3000,0
CA,1700,65,0,500,0,0
MS,0,0,0,1800,3000,0
TX,400,0,0,380,0,0
TX,1530,11,0,1020,430,0
KS,1000,3570,500,9670,7500,1300
AR,7500,3100,0,3600,8000,0
TX,13000,5000,0,12000,0,0
KY,0,40,0,1900,500,0
AL,400,100,0,1000,9000,0
KS,300,100,0,0,1145,0
TX,0,184,0,750,1774,0
MT,100,38,0,4800,500,0
MN,3700,17,0,700,1000,0
OK,0,250,0,5000,20000,0
TN,0,0,0,12000,33000,0
KS,27200,285,0,2800,10000,0
TX,20000,21275,500,16400,604592,71901
OK,35000,1200,0,3000,17000,0
ND,110500,25,0,10900,37509,0
TX,100000,500,0,0,20000,0
ID,61307,0,0,162952,0,0
TX,30000,2000,0,50000,170000,0
NJ,4000,40,0,0,30000,0
KS,500,696,0,3500,2500,1500
NM,0,1900,0,7500,7500,0
MI,6000,0,0,50000,25000,0
TX,2000,75,0,1440,0,4000
VA,0,100,0,20000,0,0
IA,3000,600,0,500,3000,0
IL,13000,0,0,200000,0,0
TX,20000,2356,12500,5400,75206,0
TX,450000,185000,0,0,150000,0
TX,100,100,0,0,15000,0
TX,15000,850,0,0,5000,0
TX,0,45,0,0,540,0
MS,150000,3500,0,4924000,123653,0
TX,278154,405,0,0,0,0
TX,20000,2325,300,0,141348,0
TX,20000,185,0,16904,0,0
WY,20400,1104,0,1875,3000,0
TX,20000,46,0,115000,135000,0
NJ,0,0,0,0,30000,0
TX,20000,1199,0,0,96699,0
OK,31000,25,0,0,15000,14000
NE,2048,70,0,0,34500,0
MN,50,900,0,40000,7000,0
MO,10000,7757,5000,20000,131112,0
TX,140000,5513,0,0,0,0
TX,115000,4463,0,0,0,0
TX,29267,30,0,4075,4825,0
MO,8000,122,0,5000,0,0
KS,46000,700,0,67000,0,12000
TX,0,0,0,100000,0,0
WY,0,1500,0,1200,15000,0
TX,51000,95,0,0,15000,0
LA,0,0,0,10000,5000,0
GA,32000,81,0,0,1500,0
NJ,8000,0,0,0,10000,0
TX,28107,2,0,1500,19943,0
TX,200,40,0,0,10000,0
TX,0,0,0,0,0,0
LA,575000,0,0,100000,0,0
TX,870000,20,0,0,0,0
IN,224278,225,20911,789328,101113,0
OK,105450,100,0,5000,8000,0
IN,4995,120,0,1362,0,0
IL,5660,20,0,0,0,0
TX,20000,4488,500000,1568228,1541889,0
TX,4825,474,0,0,0,0
OK,134000,1000,0,0,3900,20000
CA,0,50,0,30000,119950,0
OK,104956,0,0,59580,50002,0
KS,500,85,0,700,3200,2400
TX,4500,4358,0,0,0,0
OK,3000,126,0,0,0,0
TX,5500,150,0,0,0,0
NE,5000,30,0,3500,200,0
TX,0,150,0,0,20000,0
LA,36000,100,0,15000,4000,0
MS,45000,23000,0,900000,100000,50000
KS,2500,50,0,10000,0,0
TX,222000,0,0,0,0,0
AR,51814,83000,100000,450000,2700000,0
TX,64000,3363,0,12000,137152,0
TX,5000,1549,0,12420,10490,0
LA,4588574,977937,0,4695638,0,0
IA,3500,921,0,15000,25000,0
TX,25000,300,0,0,5000,0
UT,545700,62782,326665,2802660,18036789,45088
TX,500,12530,0,5000,115077,0
TX,8500,280,0,0,15000,0
IN,500,0,0,40000,107610,0
KY,31669,186,0,22957,29036,0
TX,2100,300,0,0,0,0
TX,1830000,60000,0,3110000,5000000,0
AR,900000,300000,0,64700000,20100000,5300000
TX,0,296,0,0,0,0
LA,1500,160,0,2500,16000,0
MN,0,63,0,479441,0,2897
CA,2000,230,0,3000,1200,0
IL,1500000,100,0,82000,0,0
MI,63604,0,0,38090,223715,0
KS,0,12000,0,35000,232000,4000
LA,2304,355,0,11217,0,0
TX,2000,150,0,20000,0,0
TX,5000,100,0,5300,0,0
TX,0,50,0,0,2000,0
TX,50,67,0,500,2000,0
MI,35000,0,0,0,0,16000
TX,500,100,0,0,500,0
CA,500,50,0,2000,7900,0
LA,28025,11000,0,1275,0,0
OH,300,0,0,0,0,0
TX,35000,75,0,0,5000,0
TX,2000000,5000,750000,500000,5270000,750000
MO,1000,100,0,124000,75000,0
MS,20000,142,0,80000,50000,0
IL,20000,3000,0,70000,1650000,0
CT,0,0,0,500,0,0
AL,60000,10,0,2000,10000,0
KS,3500,404,0,0,0,0
TX,141492,2125,0,99647,0,0
TX,23000,4250,0,10000,25000,0
LA,33000,286,0,0,0,0
OH,0,0,0,5000,5000,0
OK,5000,200,4000,1500,1700,0
OK,5000,440,0,25000,0,5000
NJ,200,75,0,0,15000,0
IL,6000,60,0,4400,700,0
TX,10000,300,0,0,0,0
OK,620000,140,0,18000,0,0
TX,50,343,0,500,23122,0
PA,0,0,0,12500,0,0
MN,128015,0,0,5053,107610,0
IN,195329,40,0,17180,0,0
TX,2100,90,0,1000,0,0
TX,9900,0,0,1084,0,0
MO,0,100,5000,75000,143000,50000
IA,139000,773369,0,8000,0,9000
ND,186221,150,0,108795,64540,0
NJ,300,105,0,5000,0,0
TX,3000,75,0,0,3000,0
MN,75000,0,0,0,75000,0
SC,500,20,0,0,0,0
TN,5000,500,0,10000,25000,0
CA,500,0,0,500,0,0
TX,250,75,0,0,500,0
MO,65000,40,800,0,10000,0
OK,10000,200,0,0,2550,0
ND,186221,100,0,28379,16712,0
PA,0,0,0,7661,0,0
LA,263000,100,22900,0,0,0
TX,0,93,0,3344,0,0
IN,384650,27000,0,3636400,1880000,0
TX,26000,200,0,60000,5000,0
OH,26170,0,0,58270,2000,0
LA,109000,684,0,212000,0,0
TX,75,46,0,10000,3400,0
IA,1500,50,0,0,600,0
TX,15000,0,0,51000,0,0
TX,4500,500,0,250000,195000,0
OH,400,458,0,2500,300,0
LA,100000,12500,0,100000,332000,50000
TX,0,35,0,0,0,0
OK,0,40,0,0,1500,0
IL,66000,0,0,232500,44000,0
NE,12049,195,0,10500,27376,0
OK,754000,30000,0,5600000,7460274,0
TX,3500,100,0,0,0,0
TX,2500,100,0,0,0,0
LA,26714,180,0,3500,10779,0
PA,0,672,0,35000,10000,0
OK,1500,100,0,0,3500,0
TX,5000,250,0,0,0,0
TX,1500,500,0,1500,3500,0
MN,3000,35,800,23000,10000,0
TX,0,50,0,0,7000,0
TX,20,70,0,0,3000,0
MO,0,0,0,350,0,0
IN,2625,26,0,21025,0,0
TX,0,140,0,0,0,0
CO,500,40,0,0,0,0
TX,0,34,0,5300,1500,0
UT,30955,0,0,36916,5698,0
OK,150000,7000,0,150000,0,18000
WY,0,500,0,0,5000,0
IA,5000,55,0,0,7500,0
TX,82000,20000,17000,20000,409500,6000
KS,0,315,0,3400,7000,2610
MI,1000,20,0,3000,7000,0
TX,0,70,0,0,3000,0
IL,5000,47,0,16000,10000,0
TX,0,648,0,1500,2100,0
TX,100,0,0,1500,0,0
NM,42593,12882,0,9700,2500,0
TX,20000,480000,0,25000,500000,0
AK,5000,0,0,0,50000,0
CA,0,1200,0,23000,0,1500
TX,0,60,0,500,0,0
GA,6800,337,0,7500,4500,0
OH,0,23,0,0,0,0
TX,1000,0,0,38716,800,0
TX,20,150,0,0,4000,0
TX,0,36,0,5964,0,0
MD,1500,0,0,3500,0,0
GA,0,300,0,20000,9000,0
TX,0,1500,0,2000,10000,0
TX,25000,5505,0,11000,158235,0
TX,0,0,0,0,13000,0
NM,0,200,0,0,1000,0
OK,10000,100,0,42000,6000,0
TX,0,0,0,0,0,10000
LA,175000,0,0,0,0,0
TX,0,2000,0,10000,30600,0
IA,128000,1166,2500,43000,35000,0
IA,108000,403,2500,43000,35000,0
MT,1500000,60935,10000,0,414852,0
TX,108,165,0,810,46764,0
TX,0,50,0,50,0,0
ND,30000,110000,15000,150000,220000,50000
TX,100000,250,0,10000,321406,0
KS,700,100,0,1000,5800,2400
CA,8000,30,0,2000,700,0
KS,3700,100,0,2000,740,100
OH,2000,0,2000,51540,0,0
TX,1000000,0,0,0,0,0
MO,7000,350,0,10000,14727,0
ND,128645,200,0,374394,15403,0
NC,5000,700,0,5000,19950,0
TX,0,105,0,2400,0,0
LA,322200,995728,0,0,0,0
TX,2000,0,0,0,2500,0
KS,10000,200,0,8000,2000,0
MN,2446,0,0,22010,11000,0
TX,208000,5000,0,0,100000,25000
ND,347577,20,0,374394,15403,0
TX,30000,1000,0,5000,200000,0
WY,0,2000,3000,0,0,0
MN,0,0,0,0,0,0
OK,10000,56000,14000,616000,1300000,0
NM,14000,200,0,2000,0,0
TX,100,100,0,1000,0,0
ND,269051,1417839,168000,4100000,11031800,0
NC,71000,3500,0,24000,9000,0
OK,0,0,0,3000,0,0
NM,200,200,0,400,1200,0
TX,935000,525,0,0,0,0
TX,0,0,0,0,0,0
LA,20,2000,0,0,0,0
MN,42700,0,1200,2400,0,0
TX,5000,500,0,0,0,0
CA,0,9600,0,32500,2000,0
IN,180220,200,0,175000,481049,0
IN,3000,150,0,3000,3000,0
CA,1010700,16380,0,0,1880000,0
MN,200,24,0,57138,3596,0
OH,250,175,0,8775,919,0
NY,1360,0,0,15360,36000,0
CA,392745,168,0,20000,15000,0
TX,5000,53,0,1500,0,0
TX,0,50,0,3800,1000,0
NJ,4000,75,0,8250,3000,0
IL,200000,160000,50000,5000,50000,50000
TX,19000,800,0,14000,0,0
WV,1500000,517350,0,400000,2500000,0
NJ,0,0,0,2000,25000,0
ND,2000,900,0,5000,10000,0
IL,40000,50,0,5920,0,0
TX,0,0,0,0,0,0
TX,1175,300,0,5100,600,0
IA,72000,422,2400,8000,30000,0
WY,17000,500,0,4000,2000,0
OK,18000,60000,2000,85000,136000,80000
PA,1000,120,0,3500,0,0
MI,0,1000,0,0,0,0
TX,184000,1500,0,1000,5000,93500
TX,0,0,0,500,1500,0
TX,0,50,0,3000,0,0
KS,20000,0,0,0,20000,0
KS,4000,5880,0,1000,0,0
IL,92500,27095,0,400000,0,0
TX,0,150,0,4500,0,0
TX,100,50,0,750,375,0
MO,232,18,0,0,0,0
TX,109184,217560,1045900,151051,200000,0
TX,1000000,500,98500,101000,1500000,0
OK,0,100,0,0,100,0
NC,145000,900,0,375000,100000,0
CA,96278,1000,0,2861558,130033,18256
TX,15000,750,0,20000,150000,0
OK,25,212,0,2000,0,0
CA,0,60,0,38000,0,0
NM,500000,90596,0,0,0,0
NJ,0,200,0,14248,0,0
TX,194000,40,0,15000,0,7000
OK,100,170,0,30,0,0
PA,0,200,0,0,0,57000
MN,4000,1324,1000,12000,40000,0
IA,5500,366,2400,12000,30000,0
KS,141500,10,0,10000,0,0
TX,8700,498,0,21192,15444,0
PA,145608,411,0,1603,16000,4739
TX,250,125,0,250,0,0
MI,5000,245,0,5000,11524,0
MI,10000,565,0,5000,26889,0
KS,30000,0,0,15000,15000,0
TX,0,4500,0,0,100000,0
TX,5000,0,0,0,0,0
TX,1000,1000,0,0,45000,0
TX,15000,250,0,30000,0,0
TX,50,100,0,450,0,0
TX,73503,1003,0,124515,67236,0
CA,1000,0,0,166000,23000,0
TX,15,619,0,0,0,0
MS,0,15,0,0,35,0
CA,0,18660,0,30000,215000,0
CA,53000,600,0,85000,227000,0
MS,70000,86721,0,0,500,0
TX,15000,150,0,8000,0,0
NY,198899,0,0,56000,0,0
TX,476737,30,0,145967,5000,0
NM,50,2000,0,4000,20000,0
TX,57354,170,0,2623,2456,0
OK,2300,700,0,7000,0,0
TX,30000,48,0,6000,10000,0
TX,20000,336,0,0,0,0
TX,500,25,0,2000,0,0
CA,1000,15,0,2000,1600,0
TX,3762189,40000,1634497,5720325,78688,0
IL,1000,150,0,15000,0,0
NJ,0,20,0,500,1000,0
ND,0,500,0,30787,67000,0
IA,62000,1030,2000,8000,15000,0
OK,500,210,0,41000,0,0
ND,0,900,0,235845,138386,0
OK,10,150,0,0,0,0
TX,100,60,0,11428,0,0
TX,58000,100,0,30000,0,0
TX,750,1000,284000,324728,54047,100000
WI,7000,0,0,4200,20000,0
OK,7500,200,0,3500,1000,0
TX,0,0,0,0,14383,5000
TX,0,100,0,2272,1078,0
MS,23000,100,0,11000,25000,5000
TX,1500000,338099,500000,2000000,250000,0
OK,10000,632,0,5000,4000,0
AR,500,35,0,0,1000,0
CO,0,25,0,0,1000,0
LA,50000,300,0,40000,20000,20000
OK,0,0,0,2000,0,0
NM,1000,25,0,0,6000,0
NM,1000,300,0,0,6000,0
OK,14000,3776,2000,2000,0,15000
IN,874500,1485,0,144000,0,0
TX,20000,1600,0,10000,270154,15000
OK,20000,2000,0,5000,15000,25000
TX,13000,18,0,6196,0,0
WY,2000,1200,5000,3000,75000,0
TX,445,21,0,952,0,0
TX,5000,15,0,600,0,0
KS,1000,750,0,3000,0,0
KS,104000,5,0,1000,0,0
OK,0,0,0,4533,4997,0
IL,173000,30,0,122000,0,0
OK,216000,30000,20000,185000,420000,0
TX,265000,73,0,500,0,0
KS,1720,4250,0,10380,8200,2500
TX,35000,2000,15000,55000,25000,0
WY,1400,45,0,1400,0,0
OK,5000,20000,3000,10000,84879,70962
PA,0,300,0,10000,0,0
NM,1000,200,0,3000,1000,0
KS,1950,3700,0,7429,5000,2000
PA,5376,8,52000,656869,345000,10000
NM,0,185,0,0,1879,0
KY,1000,0,0,500,1000,0
OK,2500,300,0,25000,5500,0
NM,60800,35000,0,0,420000,0
TX,413,0,0,65,0,0
OK,5535,9312,0,1200,320000,0
OK,5535,3193,0,1200,30000,0
TX,100,250,0,3550,0,0
IL,0,122,0,280000,0,0
TX,1700000,30000,0,20000,0,0
IL,10000,90,0,115000,25000,0
TX,2000,175,0,1000,0,0
CA,4100,0,0,219257,0,0
OK,0,2025,0,0,0,0
IN,2500,0,0,1590,0,1792
MS,7387,17,0,1961,0,0
LA,0,100,0,3880,0,0
CA,0,0,0,20000,280000,0
NJ,0,0,0,1000,4000,0
NC,2500,75,0,5000,1500,0
LA,3000,0,0,2500,0,0
SC,2500,75000,0,75000,1500000,0
NE,30000,130,0,4000,5000,0
CO,0,0,0,1000,0,0
OK,0,2450,0,37000,0,0
OH,1198,295,0,23489,3791,12378
KS,0,2000,0,1000,5000,0
LA,300,0,0,0,0,0
KS,750,500,0,13750,17000,0
MN,18151,300,0,0,26000,0
TX,100,40,0,0,5000,0
CA,24822,0,0,41270,0,0
TX,0,441,0,6000,41300,0
OH,0,0,0,0,0,0
WY,2500,143,0,0,0,0
KS,6300,1500,0,4200,2000,0
TX,32800,100,0,0,16900,0
KS,0,50,0,0,0,0
KS,0,50,0,0,150,0
NJ,1500,60,0,0,0,0
OK,2050,0,5000,17000,6500,0
TX,2500,4000,0,0,60000,0
MN,10040,0,0,3188,0,0
KS,100,300,0,0,30000,0
TX,200,50,0,1500,0,0
KS,0,20,0,0,0,150
TX,86611,14356,5000,50000,222401,0
TX,2000,60,0,12000,0,0
TX,100,1000,0,0,5400,0
KS,0,50,0,0,0,0
TX,25,210,0,7000,0,0
OK,2100,200,0,0,8000,0
NM,0,50,0,0,1500,0
IN,7026,0,0,12000,0,0
VA,25,3360,0,150000,0,0
LA,0,15,0,0,30000,0
TX,2000,2500,0,11400,94100,0
PA,5000,1469,0,0,19250,0
WY,20000,78568,0,100,0,0
TX,0,50,0,1250,975,0
IN,6233,0,0,3870,0,0
LA,200,120,0,29000,0,0
NJ,200,0,0,2880,0,0
IN,1000,500,0,100000,0,0
TX,86000,1,0,25900,0,93485
LA,0,15,0,2800,0,0
MI,5000,2435,0,10000,5000,0
TX,120000,0,0,400000,141000,0
OK,20,14950,0,250,0,0
TX,10000,200,0,20000,0,0
IN,250,15,0,0,500,0
OH,42052,0,0,83474,74831,0
ND,50000,0,10000,25000,0,800000
WI,300,0,0,2200,0,0
IL,0,25,0,4000,1000,0
TX,27257,1000,0,2500,1500,0
IL,3500,36,0,300,2500,0
KS,90000,920,0,10000,113220,0
TX,0,400,0,0,600,0
OH,1000,16,0,720,3400,0
IA,10000,150,0,0,0,0
HI,14000,333,0,0,28000,0
TX,5000,0,0,2000,0,0
IL,19000,24,0,0,0,0
TX,0,256,0,0,15652,0
ND,2800,200,0,69700,0,0
CA,175000,300,0,38000,19200,0
OK,7949,0,0,10806,13862,0
MI,0,0,0,1720,0,0
LA,50,35,0,2745,0,0
TX,28776,1200,0,4000,0,0
TX,22500,10000,0,0,0,0
TX,14120,494,0,13500,13771,0
OK,500,500,1000,3000,10000,0
OK,0,500,0,10000,10000,0
KY,27000,0,0,17000,4200,0
TX,10675,1489,0,21713,172594,0
IN,4670,0,0,932556,5598,0
OK,15000,0,1000,3000,10000,0
OK,50000,150,0,0,1500,5000
MO,140,75,0,0,0,0
CA,15000,0,0,102000,0,0
TX,400,60,0,3000,0,0
AL,400,210,0,480,0,0
TX,1500,50,0,0,0,0
IA,0,50,0,0,15000,0
IN,3099,0,0,1177,0,0
MT,200,125,0,5947,0,0
OH,2500,120,3500,233702,3535,0
MT,100,100,0,500,500,0
NM,42000,300,0,2500,0,0
TX,70000,0,0,1400000,1300000,0
IN,791,0,0,0,0,0
ND,10000,300,0,17500,13500,0
WY,0,0,0,0,0,0
OK,200,300,0,1000,0,0
OK,10000,36800,0,90000,28950,0
IN,10000,0,0,20000,10000,0
GA,1500,1200,0,7500,3000,0
TX,10000,12,0,4500,2500,31285
ND,6000,0,0,24000,0,0
IL,232972,0,0,1006918,747951,0
IL,252249,0,0,1006918,747951,0
TX,100,50,0,2800,0,0
KS,119000,175,1500,1500,0,0
MS,100,55,0,2500,200,0
KS,0,200,0,0,300,0
MI,200,8004,0,15000,58582,0
TX,2300,150,0,0,2500,0
CA,25000,900,30000,300000,45000,0
OH,88252,770,2292685,2706148,2087084,0
AL,0,28,0,6500,0,0
TX,2000,400,0,500,500,0
NM,0,600,0,800,1000,0
TX,0,56,0,2000,500,0
OK,0,150,0,0,4718,0
ND,500,10000,628675,331720,475461,0
ND,350238,20000,0,284638,720000,4875
TX,35000,167664,0,1500,0,0
GA,55000,5000,0,131500,329500,0
TX,0,132,0,8518,0,0
TN,10000,0,0,10000,5000,0
TX,350,6000,0,65000,45000,0
MS,0,140,0,18000,0,0
WI,10000,800,0,36000,19000,0
CO,52500,3,0,0,0,0
TX,0,0,0,2000,0,0
OK,100,393,0,0,1000,0
TX,100,428,0,0,45151,0
IL,6755,0,0,7125,384,523
TX,50000,2000,0,10000,6000,0
TX,10000,45,0,5000,10000,0
TX,205120,100,0,7405,182705,0
TX,500,100,0,3000,3000,0
KS,30000,1344,2000,1000,65682,0
FL,0,15,0,100,0,0
OK,15000,500,0,17000,0,0
TX,0,288,0,5000,2000,0
IL,5000,33,0,500,0,0
NY,250,0,0,10000,14000,0
TN,1000,98,0,10200,9500,0
WY,500,100,0,0,500,0
LA,600000,200,0,0,0,0
LA,5,85,0,24000,0,0
MN,0,92,1273261,53773,0,0
MO,1000,10080,210395,1589,0,0
IA,1160,125,0,18000,0,500
VA,25,76,0,18000,0,0
TX,0,400,0,48000,0,0
TX,1500,400,0,1000,500,0
OK,0,0,0,897,0,0
PA,122000,200,11000,98500,18300,0
NM,26500,11000,0,87531,40000,0
TX,30000,15985,0,2000,200000,0
TX,500,100,0,3146,3146,3250
OH,92064,611,0,38198,8650,9828
MN,10508,40,0,8495,0,0
TX,0,0,0,0,0,0
TX,0,101,0,1400,3000,0
LA,1000,120,0,1000,0,0
TX,500,0,0,19500,0,0
TX,100,10000,0,2000,25000,0
TX,5927,296,0,10167,17750,0
OK,5000,296,0,5000,20000,0
LA,0,558,0,75000,0,0
IN,1500,0,0,926,0,224
TX,2000,50,0,2000,11669,0
LA,35000,6545,50000,2500000,500000,250000
WY,500,57,0,200,200,0
TX,0,50,0,15000,0,0
TX,1000,15,0,0,1000,0
OK,33500,2000,0,68000,0,0
IL,100000,500,0,0,0,0
WY,0,100,0,500,250,0
WY,0,120,0,1000,250,0
TX,45000,500,0,0,0,0
TX,1000,5,0,0,500,0
LA,1000,100,0,0,0,0
TX,46887,0,0,1800,0,0
OK,100,90,0,100,0,0
TX,0,40000,0,0,30000,0
OK,250,7530,0,0,0,0
TX,0,400,0,0,1000,0
TX,2300,9310,0,0,0,0
TX,1200000,0,0,0,1000,0
TX,1000,20,0,0,1000,0
TX,2500,50,0,1500,0,0
TX,54700,300,0,2500,2500,0
MO,40472,34314,2000,8867,764257,0
KS,1317,300,0,4205,6633,2500
TX,2677,0,0,992,99999,0
TX,300000,120000,0,250000,800000,0
TX,500,20,0,500,0,0
,1000000,0,0,0,0,450000
SC,0,70300,0,900000,200000,0
MS,7104,400,0,5500,1200,0
CA,1800,29,0,2800,1000,0
OK,2500,150,0,57730,0,0
CA,200000,5100,1390480,1419000,75000,0
KS,2300,125,0,2200,0,0
LA,0,1000,0,94704,0,0
WY,500,50,0,200,200,0
TX,0,198,0,20000,27000,0
WY,2803,20,0,1800,0,0
TX,150000,14000,0,800000,6523000,0
TX,7000,300,0,5000,5000,0
CA,0,49014,0,150986,0,0
TX,400000,111250,950000,80000,1500000,0
CA,350000,100,0,5000,0,0
TX,36500,4000,0,6800,0,0
AR,0,50,0,0,5000,0
TX,14000,100,0,0,0,0
LA,0,0,0,5000,0,0
NC,370000,2000,0,0,110000,0
MO,2000,80,0,1000,1500,0
LA,41000,400,0,166000,0,0
MN,7000,14,0,7000,5000,0
LA,0,0,0,1000,0,0
KY,0,0,0,0,0,0
KY,1500,710,0,0,0,0
CA,3000,0,0,1000,0,0
KS,0,2100,0,6130,5400,2000
TX,0,2500,0,194815,0,0
MT,100,588,0,6000,5000,0
KS,500,100,0,2000,15000,0
KS,20000,230,1500,1000,49500,0
WY,50,0,0,100,100,0
MS,11734,188,0,14870,0,0
LA,0,39,0,267,0,0
MO,150,1000,0,285000,250000,0
CA,0,953,0,16750,16750,0
CA,3500,18500,0,5000,25000,0
TX,0,1892,0,0,0,0
OK,0,50,0,2780,0,0
CA,150000,25,500,20000,0,15000
TX,12000,50,0,0,1000,0
CA,0,1000,0,0,50000,0
IL,13000,300,0,20000,6000,0
IL,300000,65000,0,1200000,0,0
LA,0,32,0,8500,0,0
MN,1000,2300,0,0,142484,579
TX,0,0,0,0,0,0
TX,10000,1000,0,5000,0,0
OK,30000,0,0,1000,5000,0
TX,450,1500,2500,9000,0,0
CA,50000,1200,0,25000,200000,5000
CA,100,1000,0,20000,0,0
TX,675000,0,0,0,0,0
NJ,3000,3000,0,2000,0,0
IL,0,0,0,0,0,225
TX,0,280,0,11000,0,0
OK,1500,50,0,0,0,0
IN,250,600,0,10000,108681,0
NM,13000,12000,0,5000,38000,0
WY,1000,0,0,2500,2500,0
TX,1200,15,0,400,3000,900
TX,15441,20000,5000,5000,100000,5000
WA,25,24,0,3385,0,0
CO,664000,180000,0,20000,16000,0
TX,900,100,0,4000,0,0
KS,0,35,0,500,1000,0
,25000,149,0,0,0,0
UT,4000,150,0,5000,10000,0
CA,5000,0,0,25000,0,0
TX,200,180,0,9182,0,0
OH,0,105,0,12000,0,0
LA,515262,7,0,0,0,0
PA,248000,0,0,0,0,0
TX,3334,630,0,154,0,0
TX,1200,0,0,300,0,0
KS,100,400,0,2000,4000,0
NM,1800,20,0,0,0,0
NM,10500,800,0,700,0,0
CA,36000,1600,0,50000,50000,0
TX,285500,25,0,0,0,0
TX,5000,60,0,0,0,0
IL,25000,1000,0,10000,60000,0
LA,2000,20,0,0,0,0
TX,20000,400,0,10000,29500,1000
ND,0,0,0,59207,0,14765
OK,500,100,0,11250,0,0
TX,0,0,0,50000,9000,0
FL,152000,100,0,12000,9000,0
WY,484000,200,5000,173000,10000,0
TX,0,613,0,13375,0,0
KS,900,190,0,250,0,0
MN,1826,0,0,0,14000,0
IL,41000,50,0,0,28000,0
WY,0,2350,181782,6005,45445,0
KS,120000,1344,1500,1500,196482,0
LA,767843,1,0,0,0,0
WI,122000,225,0,30000,114500,0
TX,20000,0,0,1000,0,0
TX,100,71,0,0,500,0
NJ,155059,0,0,818521,475,2189
TX,15000,30,0,50,4000,0
OH,0,0,0,5376,0,3291
AL,600000,64000,0,2200000,0,0
OK,2000,20,0,0,500,0
LA,0,200,0,25000,4800,0
OK,3000,331,0,2500,1000,0
TX,42000,7750,0,0,0,0
WY,300,50,0,300,200,0
TX,16450,0,0,0,0,0
OK,4000,96,0,1000,0,0
KS,200,100,0,100,0,0
TX,50000,100,0,1500,2500,8000
AK,1000,600,0,5000,0,0
NJ,1168,332,0,0,0,0
CO,482000,12279,0,361307,89397,0
TX,1000,0,0,0,7000,0
NM,4000,100,0,1500,0,0
TX,1000,200,1000,0,1000,12800
MT,5000,350,0,0,3000,0
LA,250000,0,0,0,1000000,0
NJ,2500,100,0,500,600,0
TX,0,0,0,0,28000,0
KS,31000,100,0,2000,2000,0
OK,3250,250,0,150,0,0
TX,40000,500,0,0,0,0
WY,1500,500,0,0,2000,0
WY,8000,2850,0,9330,0,0
TX,12000,1568,0,3000,132000,0
MN,6915,23,0,0,40864,0
TX,1600,100,0,0,0,0
TX,0,85,0,11262,0,0
KS,10000,1250,2000,2500,200371,0
CA,0,1458,0,52120,27389,0
CA,500,10,0,2500,0,0
LA,96000,0,0,0,0,0
CA,500,200,0,4300,0,0
AR,500000,31500,0,200000,200000,0
TX,100000,50,0,0,0,0
TX,500,85,0,0,16500,0
TX,10000,2000,0,100000,650000,0
OH,100,100,0,5000,0,0
MN,0,368,0,93204,0,922664
AR,125000,25,0,0,0,16415
TX,11000,90,0,4000,0,0
TX,250000,10500,50000,50000,200000,0
ND,500,500,0,1000,0,0
CO,5000,1000,0,0,4000,0
KS,5000,25,0,0,0,0
NJ,45394,200,0,0,23000,0
LA,150,60,0,16000,0,0
OK,0,2000,0,3000,5000,0
IL,100,88,0,159388,9520,0
TX,10500,0,50000,250000,50000,200000
TX,352632,100,45419,395225,0,0
OK,50000,800,0,80000,20000,0
WY,600,22,0,100,200,0
TX,302458,650,86463,750688,0,0
TX,0,150,0,0,0,0
TX,0,1500,0,0,0,0
TX,10000,50,0,0,5000,0
ND,25,15,0,0,1000,0
TX,165000,50,0,0,0,0
CA,0,104,0,5300,10765,0
WY,200,0,0,600,100,0
WY,100,22,0,0,1000,500
OK,4000,82,0,3000,1000,0
LA,24323483,0,0,0,0,0
TX,40,300,0,8000,500,0
TX,13785,39,0,650,0,0
LA,621597,36190,2421000,8224000,400000,0
WY,200,261,0,400,200,0
TX,37000,0,0,0,0,0
TX,50,238,0,5000,1250,0
KS,200,65,0,4000,15000,0
TX,5000,400,0,2000,19600,0
TX,9970,30,0,5000,0,0
WY,16000,174,0,4400,1600,0
LA,0,100,0,5000,0,0
CO,200,50,0,0,0,0
LA,9950,50,0,10000,0,0
TX,5000,60,0,0,0,0
TX,1307,390,0,0,0,0
OH,2034000,47000,10000,140000,12000,0
OK,2000,100,0,0,0,0
OK,19000,1000,21500,2500,380000,0
IN,3000,2,0,0,0,0
TX,0,80,0,15000,10000,25000
KY,11000,3100,0,280000,0,0
TX,0,0,0,0,500,0
IL,6000,31,0,11220,15140,0
TX,85574,46002,10000,143500,250000,0
IA,97169,131865,0,0,0,508
MT,1000,16,0,100,100,0
WA,137656,680,0,1260147,0,163030
CA,50000,500,25000,150000,50000,10000
CA,500,32,0,1000,2000,0
TX,3000,25,0,0,0,0
TX,0,2500,0,900000,1210000,0
OK,800,158,0,36000,3000,0
CA,15000,0,0,5000,0,0
FL,1000,0,0,0,0,0
NM,0,70,0,1700,100,0
CO,0,10234,0,80000,82000,0
TX,36000,42,0,1700,0,0
OK,5000,100,0,10000,5000,0
TX,2000,50,0,0,47458,0
OK,950,1575,0,1650,0,0
NJ,8500,20,0,1000,0,0
MT,31800,700,0,0,9000,0
OH,0,132,0,17546,0,460
NM,0,260,0,6800,3008,0
OK,50,20,0,2650,0,0
TX,500,15,0,0,0,0
TX,43000,1600,0,1500,0,0
WY,1000,130,0,3770,1500,0
OK,250,25,0,100,0,0
WY,3700,260,0,6500,3500,0
WI,19784,168,0,15976,5950,0
IL,1350,2,0,1000,50,0
TX,0,100,0,0,7500,0
TX,1300,141,0,200,0,0
TX,1000,40,0,1000,0,0
MI,214500,0,0,0,0,0
TX,2500,1400,0,8000,86000,0
SC,327500,512500,0,423000,2575000,0
TX,7500,2450,0,20000,5000,0
ND,1500,570,0,5170,174105,0
CA,130000,1,0,20000,500,0
CA,23000,50,0,30000,10000,0
OH,0,91,0,15160,0,249
GA,41548,2290,0,19250,0,0
SC,0,0,0,0,0,0
TX,11500,50,0,0,500,0
IN,1500,50,0,0,0,0
WY,100,0,0,400,0,0
NE,1000,65,0,12410,6069,0
TX,50000,15,0,0,20000,0
IN,1500,0,0,10000,15000,0
WY,500,15,0,12000,1500,0
MN,590464,1129,0,291448,1441,0
NM,0,40,0,0,50100,0
CO,0,25,0,1000,5000,0
OK,1000,300,0,10000,0,0
LA,30000,0,0,0,0,0
PA,1000000,21509,0,10000,0,0
IN,280000,500,0,88000,0,0
TX,0,0,0,50000,9000,10000
TX,26000,1000,0,0,52000,0
TX,2800,7600,0,1000,0,0
TX,8314,3250,0,6000,0,359338
AL,255500,500,0,72000,0,0
TX,1000,50,0,0,0,0
TX,0,0,0,11000,3000,0
OK,500,25,0,4000,0,0
TX,30000,0,0,30000,0,0
TX,11250,15000,0,250000,130000,0
OH,1000,224,0,20000,24722,0
OK,340000,50,0,30000,155000,0
TX,513460,215800,7500,45500,0,0
CA,165325,3760,0,23285,358127,0
WI,5403,239,0,31428,28700,0
NE,1000,25,0,500,2560,2520
TX,597569,1431,0,71000,0,0
OK,250,1080,0,150,0,0
MN,2072440,940,0,213432,0,0
TX,0,1250,0,0,0,50000
TX,200,10,0,0,0,0
LA,0,25,0,16000,0,0
MT,2453123,40380,150224,2866610,2510724,38002
ND,153960,0,0,0,15900,0
LA,100,35,0,1000,0,0
CA,10000,245,1,277000,115000,57162
TX,22000,150,0,0,50000,0
TX,0,25,0,150,2000,0
PA,5000,75,0,0,8000,15000
OK,200,251,0,50,0,0
OK,8000,30,0,2500,1000,0
WI,16215,92,0,16729,7400,0
HI,0,166000,0,400000,250000,2000000
TX,0,25,0,500,2000,0
TX,6500,100,0,1800,0,0
MT,500,100,0,0,2700,0
TX,264000,500,0,0,0,0
LA,14000,4,0,8000,0,0
WV,1821591,194000,95000,0,0,4800000
LA,0,20,0,82000,0,0
TX,0,2350,0,8000,14868,0
NM,250000,500,0,0,0,0
NJ,150000,0,0,2000,0,0
IN,500,40,0,0,0,0
LA,0,152,0,0,16500,0
TX,0,0,0,1000,0,0
OK,50000,30000,200000,150000,4000000,0
IN,0,11,0,0,11900,0
TX,6000,1700,0,5600,25000,0
KS,60000,5000,0,60000,121598,0
MN,24629,0,0,0,3000,0
WY,300,25,0,200,100,0
NM,7063,183,0,4920,27959,0
OK,500,80,0,500,0,0
OH,100,60,0,12000,8000,0
TX,126700,0,0,80000,50000,0
NM,0,30,0,1000,5000,0
CO,50,25,0,0,0,0
IL,108235,0,0,10000,15000,0
TX,20000,1300,0,0,248040,0
PA,10000,402,0,10000,0,0
KS,7470,150,0,1000,30088,0
TX,8700,260,150,0,20000,0
CA,1000,53,0,0,8750,0
NJ,185000,0,0,2000,0,0
KY,100000,13000,1240000,1100000,0,0
TX,30000,500,0,15000,10000,0
OK,1000,25,0,4500,8000,0
NM,125000,500,0,5000,0,0
OK,15000,10,0,0,0,10000
TX,2000,200,0,3000,3000,0
WY,500,25,0,200,100,0
CA,171000,11,0,4920,2200,0
TX,8000,3100,0,2000,150000,0
TX,75000,713,12000,344269,62000,32000
ND,1500,17,0,1292,19345,0
LA,3500,27,0,50000,0,0
OK,4000,9,0,0,1000,0
TX,8100,150,0,0,0,0
TX,1395,75,0,132,0,0
PA,500,15,0,3000,0,0
NJ,28000,0,0,100,1000,0
WI,59880,0,0,0,0,0
TX,20000,1000,0,0,0,0
LA,10000,25,0,0,0,0
PA,8000,0,0,10000,0,23100
CO,15000,30,0,0,0,0
CA,0,560,0,12508,50892,0
AR,730000,2,0,0,0,0
TX,2680,50,0,0,0,0
TX,0,1200,0,105500,75000,0
CA,80005,500,0,144888,7263,10000
MI,18399,10,0,0,300,0
ND,20795,500,0,0,30179,0
TX,9700,552,0,0,85000,0
IL,2000,8000,0,308850,12750,0
KS,750000,50,0,1000,0,0
IA,5000,100,0,5000,15000,0
MO,2500,21,0,0,0,0
TX,9928,54,0,0,0,0
TX,87500,210,125000,50000,387755,0
TX,87500,420,125000,50000,387750,0
WY,5000,14463,39232,120000,98000,0
OK,40000,200,0,10000,2367,87633
OH,0,39,0,6209,0,0
NC,0,2000,0,30000,125000,0
WY,1350,10,0,1000,500,0
MN,89815,12,0,2835,15000,0
OK,3000,50,0,2500,0,0
TX,230000,50,0,0,0,0
OH,17246,42,0,13657,0,0
IN,2000,150,0,1000,0,0
TX,3250,85,0,0,0,0
LA,0,0,0,1000,0,0
MS,120000,4200,0,830000,1000000,0
MS,0,25,0,5000,0,0
IL,12000,52,0,11000,0,0
OK,3000,0,0,500,500,0
TX,0,150,0,0,0,0
NJ,2500,15,0,2000,0,0
WY,300,25,0,200,200,0
TN,200,25,0,20000,0,0
TX,3400,20,0,14970,0,0
PA,500,30,0,3000,0,0
TX,0,5,0,1545,1000,0
TX,0,306,0,34694,0,0
,0,70,25,0,0,0
KS,130000,0,0,7000,5000,0
OK,1500,190,0,0,0,0
CA,500,85,0,7000,0,0
OK,100,318,0,5000,200,0
TX,0,100,0,1600,5000,0
KS,16000,7,0,2500,250,0
TX,900,150,0,0,0,0
TX,15000,20000,0,5000,500000,0
LA,2500,0,0,2500,0,0
TX,40000,50,0,0,0,0
TX,0,50,0,53663,0,0
MO,25000,150,0,75000,200000,0
PA,30000,24,46550,100000,75000,240000
TX,80000,200,0,0,0,0
SC,150000,6000,0,945000,650000,200000
MD,1000,2,0,0,2500,0
NM,0,1519,0,15000,93000,0
OK,5400,35,0,10000,2700,0
AK,10376,0,0,30775,0,0
TX,0,100,0,0,0,0
CA,20,50,0,5000,0,0
LA,83000,55000,0,0,0,32000
TX,2850,0,0,0,0,0
PA,0,30,0,500,0,0
TX,40500,200,0,0,0,0
MO,500,80,0,10000,6000,0
WY,7850,15,0,1500,0,0
TX,924,0,0,0,0,0
MN,32238,580,0,1458,75648,0
TX,1500,0,0,1000,1500,0
KS,500,75,0,1500,3000,0
TX,3000,30,0,200,15000,0
OK,1000,15,0,3200,2000,0
VA,50,215,0,15500,10000,0
NC,5000,40,0,5000,500,0
TX,100,275,0,320,39000,0
IL,45000,230,0,60000,0,0
OK,0,0,0,500,0,4500
MD,136851,29,0,0,695,0
IL,1000,40,0,30000,0,0
MO,0,30,0,5000,1000,0
TX,45000,100,0,0,0,0
TX,0,29,0,2561,0,0
WY,1000,294,0,0,18270,2074
KS,20000,98528,120000,2462404,0,0
NM,500,6000,1000,12000,36000,0
OK,12000,25,0,0,0,0
TX,250,0,0,3000,0,0
TX,2500,50,0,0,0,0
TX,25000,315,58000,8000,432824,0
TX,44400,50,0,0,0,0
TX,8000,180,0,0,0,0
TX,11300,30,0,0,0,0
TX,14790,0,0,0,0,0
TX,2030000,1110,0,60000,121712,0
TX,86000,0,0,0,0,0
TX,19000,0,0,0,0,0
TX,0,57,0,3437,0,0
NJ,1000,75,0,2000,0,0
IL,30000,100,0,5000,0,0
TX,42000,65,0,0,0,0
WI,350000,100,0,3500,5000,0
TX,500,0,0,0,0,0
CA,9868173,144000,0,90701042,22421933,19796736
TX,3200,65,0,0,0,0
TX,2000,30000,0,0,0,0
TX,15000,500,0,0,0,0
IL,10,400,0,12000,0,0
TX,1500,50,0,2800,0,0
CA,500,78,0,5000,0,0
CA,1000000,340,0,5000,0,0
TX,2500,20,0,0,0,0
TX,150000,4019,0,6000,50000,0
LA,14970,30,0,0,0,0
TX,0,163,0,25000,5000,0
TX,0,1500,0,0,0,0
AK,2960000,0,0,400000,300000,0
NM,900,570,0,43000,0,0
TX,5000,568,0,21488,100000,0
LA,49400,635,0,17820,0,0
TX,2000,0,0,3000,0,0
CA,17000,719,0,22000,67000,0
AL,100,35,0,3000,2800,0
CA,10000,45,5000,60000,5000,0
VA,100,100,0,8500,1000,2000
TX,10000,83,0,1000,0,0
TX,25,50,0,8000,0,0
NM,0,25,0,500,5000,0
TX,20000,30,0,10000,0,0
LA,500,0,0,4500,0,0
OK,25,23,0,5000,4500,0
WY,100,2000,0,0,800,0
TX,2150,50,0,0,0,0
WY,100,100,0,15000,0,0
NJ,15000,10584,0,0,0,0
OH,20,20,0,2500,0,0
NY,2000,500,0,1000,1500,0
TX,0,37,0,7987,0,0
IL,12000,200,0,110000,10000,0
TX,110000,33677,1500,2500,0,2000
TX,648703,162120,120000,96840,0,14784
TX,271645,6383,0,153556,0,7392
WY,1200,100,0,6000,4000,0
TX,40000,11200,0,403551,210000,0
TX,1000000,40000,0,200000,0,0
TX,62000,688000,0,0,0,26753
WY,0,30,0,0,0,300
NJ,60000,10,0,0,8000,0
CO,80000,0,0,0,0,0
TX,30000,22,0,2000,1000,0
MT,0,140,0,100,0,0
KS,500,20,0,9400,0,0
LA,142500,2,0,7500,0,0
NM,35000,31693,0,10000,338307,0
WY,12087,32760,0,0,0,0
KS,8000,20,0,2500,2000,0
MT,1125,140,0,0,90,0
VA,3000,15,0,30000,0,1000
LA,60000,0,0,35000,5000,0
TX,350000,7,0,0,0,0
TX,15000,250,0,1000,1000,0
TX,16451,225,0,20000,5000,0
WY,5000,254,0,0,1000,0
IL,50,5000,130316,5745840,200000,200000
OK,1000,25,0,1800,1000,0
TX,300,0,0,0,20000,0
FL,300,65,0,37000,0,0
WY,0,84,0,0,0,1600
IL,1072650,2331,0,518755,46355,0
LA,25000,0,0,0,5000,5000
NM,2500,83,0,2500,15000,0
MO,100,20,0,20000,30000,0
TX,19281,500,0,0,0,0
WY,35000,850,0,65000,0,1500
OK,750,50,0,2000,0,0
LA,100,20,0,0,0,0
WY,10000,6123,0,198724,81875,0
OK,55000,7250,0,20000,100000,0
OH,300,242,0,60642,25780,0
TX,100,200,0,300,0,0
CA,0,27720,0,0,267152,0
WI,207262,650,0,26178,47750,0
TX,144000,135,0,2500,3340,0
TX,0,240,0,4760,0,0
TX,0,0,0,1000,4000,0
PA,1000,0,0,100,0,0
MN,92682,0,0,972,0,0
KS,1800,50,0,1500,0,0
IN,1000,50,0,8400,635,0
NM,16000,52,0,3000,0,0
UT,16000,150,0,1500,800,0
IN,250,45,0,9903,573,0
TX,24850,150,0,5000,0,0
NJ,50000,0,0,10000,5000,0
TX,2550,50,0,0,0,0
LA,25300,180,0,0,26000,0
TX,500,25,0,200,0,0
TX,26589,2650,0,3218,30000,0
LA,1500,225,0,8550,2500,0
TX,16000,6326,0,120000,337940,0
TX,1000,7000,0,0,0,0
TX,0,50,0,5000,0,0
WY,2000,1155,3000,5000,310000,0
CO,200000,100000,300000,20000,5000,0
KS,750,5000,0,250,0,0
TX,29000,750,0,5300,0,0
TX,0,0,0,0,0,0
CA,500,0,1000,2000,15000,0
TX,25539,559,0,0,0,0
KS,6000,300,0,0,0,0
NC,2500,8250,0,160000,25000,0
WI,12046,31,0,810,15250,0
LA,0,990,0,32150,2822,1145
TX,433,8,0,0,0,0
WY,300,20,0,200,300,0
TX,42780,91847,0,98873,388821,0
TX,8397,1,0,0,0,0
IL,1324,0,0,252,0,0
NC,400,750,0,35000,15000,0
TX,55000,3,0,0,0,0
TX,14000,0,0,8000,0,0
IL,0,0,0,0,0,0
WY,0,40,0,390,0,720
WY,300,20,0,200,300,0
NY,10000,30,0,16400,16000,0
OK,10000,65,0,0,0,0
OR,300,42,0,6000,2000,0
TX,100,215,0,500,0,0
TX,363545,1600,0,0,0,0
NM,46900,250,0,2000,0,0
OK,0,0,0,1500,0,0
TX,2000,40,0,5327,0,0
OK,50000,1350,0,5000,55000,56350
TX,1000,45,0,3000,1000,0
TX,250000,450,0,278708,0,0
TX,45000,600,0,1000,150000,0
MD,250,20,0,0,3500,0
OH,100,13,0,3000,0,0
WY,85,100,5000,30000,10000,0
MA,42500,1000,35000,32000,5000,0
TX,65000,1,0,85000,0,0
TX,2500,45,0,0,0,0
IN,15700,250,0,7000,0,0
MO,1500,378,0,2500,97190,2202
TX,100,1200,0,70925,0,0
TX,100000,22000,0,173000,170000,80000
KS,500,135,0,26399,8000,302
IL,1000,200,2500,40000,48923,0
TX,6900,100,0,1600,0,0
MI,5600,700,0,268400,0,0
TX,5000,4500,0,2000,0,0
CA,6000,3500,0,6000,0,0
CA,300000,0,0,900000,0,0
TX,125000,0,0,5000,0,0
SC,1000,30,0,5000,0,0
TX,3000,500,0,9500,0,40000
CA,20000,675,2000,15000,4000,0
TX,60497,0,0,250,0,0
VA,1633000,4600,0,9500000,2400000,1105000
IN,550000,270,0,60000,156000,0
TX,1000,85,0,2000,500,0
MA,150000,12000,6000,120000,140443,0
TX,0,250,0,5000,5000,0
TX,28000,150,0,1100,0,0
TX,44975,155,0,250,88909,0
TX,500,5500,0,45000,249000,0
TX,34199,250,0,8900,0,0
,1000,20,0,0,0,0
OK,100,1500,0,0,0,0
CA,2000,800,0,2500,5000,0
WY,30000,20,20000,15000,5000,0
CA,20000,3600,0,150000,42000,0
OH,0,20,0,35000,10000,0
TX,0,300,0,0,5000,0
TX,8407,200,0,3000,0,0
TX,2000,25,0,500,500,0
TX,1130319,22,0,0,43000,0
CA,10000,13,0,1000,0,0
TX,0,320,0,133159,0,0
WY,0,6,0,50,0,0
WY,0,20,0,390,0,0
PA,0,40,0,0,0,0
MS,0,0,0,2359,0,0
TX,0,150,0,1000,3200,0
WY,300,10,0,200,300,0
MT,5300,35,0,500,100,0
ND,16701,1080,0,246810,110540,0
WY,1100,40,500,0,0,600
TX,12000,792,0,0,162000,0
TX,5000,26,0,0,0,0
PA,0,4892,0,19000,24000,0
TX,10000,428,0,8200,104956,0
NJ,100000,0,0,0,4000,200000
NJ,172000,0,0,0,3000,200000
TX,42525,35,0,1285,0,3739
TX,27000,88,0,4500,500,0
IL,210000,1800,0,150000,75000,0
TX,1200,80,0,0,14000,0
LA,162000,1,0,0,0,0
TX,500,75,0,5000,20000,0
LA,0,1000,0,132000,0,0
OH,20000,30,0,26000,250,0
TX,351261,3000,0,0,0,0
TX,20,50,0,0,0,0
TX,72117,3000,0,0,0,0
TX,15000,42000,0,25000,15000,10000
TX,9500,74,0,6000,4375,0
TX,0,350,0,18000,1200,0
TX,1000000,840,0,750000,25000,0
TX,16200,0,0,0,0,0
TX,25000,658,0,6000,15000,0
TX,3000,0,0,0,0,0
TX,14251,1600,0,0,0,0
TX,10000,128,0,87826,176882,0
NM,300,50,0,1000,5000,0
OK,0,500,0,1000,5100,0
WY,100,160,0,800,0,0
TX,1000,0,0,0,0,0
WY,0,160,0,600,0,0
WY,600,160,16000,390,30000,0
TX,100,1200,1000,4500,14000,0
TX,250,1770,0,11268,10000,0
GA,60000,3439,0,62935,45000,0
WY,0,380,250,390,12615,500
TX,19000,10,0,0,0,0
TX,0,547,0,0,0,0
OK,4000,5000,1000,0,0,0
NJ,0,25,0,575,0,0
OR,5300,204,0,10000,4000,0
WY,27530,50,0,0,0,0
CA,0,0,0,9000,1000,0
TX,10,1200,0,0,9119,0
TX,196960,0,0,0,0,0
OK,55750,2122,0,408753,0,0
TX,750,2,0,250,0,0
TX,1150,0,0,0,0,0
WY,27530,50,0,0,0,0
WY,27530,50,0,0,0,0
MN,337771,0,0,2000,0,0
MN,125000,687,0,2000,125000,0
,100000,153300,0,0,0,0
TX,3600,65,0,0,0,0
TX,65000,41,0,1500,1500,0
TX,2000,200,0,2000,2000,0
WY,27530,50,0,0,0,0
MN,3000,15,0,5000,0,0
LA,0,0,0,10000,0,0
TX,0,77,0,0,3000,0
VA,1200,36,0,3000,0,0
LA,1000000,7920,0,800000,0,0
TX,8500,4452,0,40000,0,0
TX,10000,84,500,25000,9300,0
TX,5000,75,0,5000,2000,0
OK,25,2800,0,0,0,0
KS,50,300,0,2600,27394,0
NC,0,310,0,130000,15000,0
TX,1500,40,0,0,12000,0
TX,267563,31920,0,0,105244,0
OK,2500,200,7000,7500,28000,0
TX,100,800,0,3000,10000,0
IL,22000,40,0,18000,0,0
OK,288098,3800,0,0,0,0
TX,2700,15,0,0,2300,0
TX,42500,7561,0,0,0,0
TX,1500,35,0,1100,0,0
CA,50000,700,100000,300000,75000,0
CA,0,0,0,25000,5000,0
NM,9000,45,0,0,0,0
TX,10900,400,0,12300,0,0
TX,2500,25,0,0,0,0
CA,0,30,0,205000,0,0
OK,9000,155,2500,0,0,0
TX,140600,3,0,50,300,0
OK,5371,69,0,4359,0,0
TX,20000,100,112761,168143,19643,129525
IA,155000,700,0,10000,25000,0
TX,500,13,0,0,0,0
TX,2000,150,0,0,11200,0
TX,9830,25,0,12945,0,0
TX,0,7500,30000,94450,320000,0
TX,100,10,0,0,0,0
IL,490,200,0,84802,0,0
MS,165000,45,0,0,50,30000
OK,0,0,0,5000,3000,0
TX,6000,525,0,16400,0,0
LA,75000,360000,10000,75000,3680000,0
KY,13430,0,0,30370,0,0
KS,10000,10160,0,26000,4000,0
OK,2000,500,0,8000,12500,0
NY,1000,26,0,0,25000,0
TX,10,4,0,0,0,0
NM,3500,60,0,0,0,0
NM,1500,15,0,0,0,0
OK,20000,100,0,411,0,0
KS,152000,8319,0,400000,0,2500
WY,200,1000,0,0,0,0
NM,108000,50,0,1000,5000,0
NJ,0,19951,0,28000,10000,19951
CA,0,0,0,500,0,0
ND,2500,30,0,5000,0,0
NJ,0,116,0,6000,7500,0
KS,100,23,0,4883,5000,1600
TX,100,100,0,0,0,0
IL,7500,100,0,5000,10000,0
TX,71841,51000,0,39780,125658,807540
TX,75000,3,0,50,300,0
AL,100,200,0,5000,19000,0
TX,7000,25,0,0,18000,0
TX,56130,1050,25000,169052,465186,20000
TX,200,90,0,0,5000,0
IN,5600,23722,0,0,120000,0
MS,47000,352,40000,60000,30000,0
NC,18000,700,0,17000,15000,0
ND,0,0,0,15000,0,0
TX,10000,6,0,0,5000,0
OK,0,600,1400,0,28600,0
WY,500,50,0,500,1000,0
LA,350,40,0,9100,0,0
IL,50000,15,0,3000,22000,0
AL,125000,300,250000,275000,75000,0
AK,0,2,0,1800,0,0
WI,1992,20,0,11142,9610,0
TX,22350,101,0,7500,12500,0
OH,1000,0,0,10000,4000,0
TX,30000,1120,0,9960,0,2000
WY,0,420,3200,400,0,0
CA,1000,15,0,3000,0,0
TX,1500,30,0,0,8000,0
VA,100,50,0,0,1000,0
OH,19000,2523,0,0,76229,0
TX,465816,5,0,0,5000,0
TX,75000,341,0,30000,262899,0
NM,0,3000,0,105000,80000,0
TX,0,300,0,5000,2000,0
IA,4080,12,0,0,0,0
TX,5000,900,0,1000,5000,0
OK,62000,5300,0,80000,40000,0
TX,5000,520,0,6500,35000,0
NY,848137,18824,0,0,225000,0
MS,19495,10560,0,1800000,0,0
SD,118000,1300,0,63820,0,20000
KS,8000,250,0,2500,12000,0
IN,9000,9,0,1500,0,0
OK,140000,0,0,0,0,0
LA,0,1,0,0,0,0
NJ,1000,0,0,0,5000,0
NJ,5000,0,0,3600,2000,0
OK,10500,15,0,0,0,0
OK,20000,0,0,1500,1500,0
NJ,112565,14903,2000000,10000,500000,0
CO,130,9345,0,0,0,0
NJ,65800,180,0,76000,88943,0
OH,600,4500,100,1125861,0,0
LA,500000,81860,2000,5000,5000,0
NJ,0,0,0,4000,0,100000
NJ,0,0,0,4000,0,100000
KS,16420,2460,0,2500,12000,0
IA,2500,11,0,500,2000,0
CA,500,1200,0,5000,0,0
GA,50000,353,25000,275000,497000,0
TX,500,2,0,0,0,0
TX,5000,30,0,1000,1200,0
PA,1000,0,0,3000,12800,0
TX,50,25,0,0,0,0
TX,25,200,0,0,0,0
CA,990000,0,0,9000,1000,0
TX,0,9,0,0,0,0
NY,0,119,0,60788,0,0
IA,4500,75,0,200,500,0
OK,500,20,0,10400,1080,0
TX,0,0,0,0,0,200000
MN,43184,0,0,3344,0,0
IL,12000,10,0,500,1200,0
TX,400,350,0,0,0,0
AL,2250,68,0,65000,0,0
ND,50,6000,0,0,514000,0
TX,8000,50,0,150,11200,0
WY,11000,20,0,7000,5000,0
ND,15000,1200,0,585468,0,52641
MS,0,0,0,0,0,0
CA,300,196,0,25000,0,0
TX,0,400,0,0,33000,0
PA,9000,1219,0,0,0,20000
TX,15000,1500,1000,0,0,0
WY,20000,2200,0,7000,40000,0
IA,40000,900,0,7000,29000,10000
OK,500,105,0,5000,4400,0
WY,5000,120,2000,500,1000,0
TX,3557,0,0,915,0,0
TX,1000,16000,0,277168,1708000,0
SD,1446227,11620,732618,1608352,5269522,0
KS,3000,1920,1000,6900,15000,12346
NJ,5000,0,0,0,30000,0
TX,10000,160,0,0,13000,0
OK,6000,1000,1500,0,0,0
TX,75000,0,0,50000,0,0
TX,0,0,0,2200,0,0
TX,40000,2000,0,5000,20000,0
KS,6000,600,500,1500,250,0
TX,39428,40,0,0,0,0
AL,73000,1200,25000,514000,334000,0
IN,7701361,44800,0,1750789,0,0
CA,15000,720,30000,222000,75000,0
LA,0,4920,28000,502315,43891,0
NM,0,3600,0,8500,350000,0
TX,0,0,0,0,360000,0
AK,42000,0,0,359000,0,0
TX,1000,90,0,4365,16000,7973
TX,1000,1800,5000,6500,5500,0
TX,100,10,0,0,500,0
TX,14321,0,0,3500,4500,0
LA,6000,300,0,0,0,0
TX,2500,600,0,500,23000,0
LA,500,1300,0,0,0,0
NJ,1000,0,0,5000,0,0
KS,12500,60,500,2500,612,0
TX,700,20,0,0,0,0
MS,0,0,0,7000,0,0
OK,3300,2226,0,35500,58000,5000
CO,5500,5000,0,72000,150000,0
TX,0,11104,0,0,0,0
TX,100,1008,0,0,0,0
CA,7000,120,0,3000,0,0
MO,1000,47,0,5000,5000,0
IN,3404,23,0,1906,0,0
IN,9404,91,0,20435,0,0
ND,20,68,0,780,23300,0
ND,100,1488,0,0,66887,0
IA,10,90,0,25000,5000,0
KS,80000,2016,250,103869,178316,10000
TX,150,5,0,0,0,0
PA,5000,0,0,1000,1000,0
NM,0,170,0,0,0,0
LA,50000,0,0,10000,0,0
NJ,8000,0,0,12300,0,0
TX,24000,350,0,107000,7500,0
TX,25000,500,0,80000,80000,0
TX,7747,0,0,433856,0,0
TX,0,1300,0,8000,7500,0
NJ,3000,0,0,0,20000,0
TX,800,20,0,0,0,0
CA,1330000,0,25000,1585000,1600000,0
LA,60000,1,0,0,0,0
TX,0,25,0,0,0,0
OK,8000,50,0,0,0,0
TX,50,7,0,150,0,0
MT,0,0,0,0,0,0
LA,200,0,0,0,0,0
TX,25000,500,5000,10000,0,0
OK,98000,1125,0,0,0,0
NE,150,45,0,2000,1500,0
TX,0,1,0,0,0,0
PA,50,123,0,7570,0,0
NJ,0,0,0,30850,35471,0
CA,191869,675,0,175000,14980,0
CA,130000,0,0,20000,0,0
OH,200,0,0,3000,1000,0
TX,10000,1250,0,75000,40000,0
TX,5,13,0,0,0,0
IL,10000,60,0,15000,0,0
TX,0,50,0,150000,5000,0
TX,0,0,0,11121,0,0
MI,50000,18000,0,450000,900000,0
TX,26761,231,2000,83283,75000,0
TX,1000,15,0,0,0,0
TX,5000,46,0,20000,0,0
OH,5370,32,0,1000,0,0
KS,5931,4232,2500,39946,6500,6000
TX,30,50,0,2050,0,0
CA,300,25,0,4500,2500,0
MT,8000,400,0,12000,5000,1500
TX,30,2600,10000,647000,50000,0
CA,600,0,0,0,0,0
TX,5000,0,500,5000,20000,0
TX,3000,90,0,3000,3000,0
TX,180000,211,0,200,70000,0
CA,7400,0,0,44100,0,0
TX,125000,0,0,200,0,0
TX,0,0,0,3554,34575,0
TX,0,200,0,300,5000,0
ND,0,5,0,250,170,0
TX,80000,30,0,40000,10000,0
OK,9000,0,0,11000,0,0
TX,175000,1100,0,150,0,0
CA,10000,37625,50000,6000000,50000,10000
TX,20000,24,0,9976,0,0
MO,22739,550,4000,500,4810,0
TX,148550,1,0,0,0,0
OH,125000,1,0,0,0,0
LA,2000,1100,0,1559000,600000,27605
TX,11000,9950,0,5745,16255,0
TX,0,30,0,0,1000,0
TX,0,150,0,1000,5000,0
TX,46260,0,0,0,0,0
VA,246000,700,0,132000,46000,0
TX,15000,224,0,2000,59000,0
TX,0,694,0,79000,15840,0
KS,3000,112,0,200,0,576
TX,327,2442,0,0,0,600
CO,100,21,0,5072,0,0
LA,850000,0,0,150000,0,0
TX,429678,1000,0,76600,0,0
TX,100,3500,0,3400,0,0
TX,10500,31,0,8900,0,0
TX,8000,3,0,0,0,0
TX,9000,24,0,2000,0,0
AL,50,520,0,0,55000,0
IN,1000,380,5000,23000,50000,0
TX,760000,395,0,10000,3000,0
TX,500,94,0,0,200,0
TX,19808,74,0,0,0,0
OK,0,0,0,0,0,0
TX,4000,40,0,1300,1900,0
HI,200,1000,0,0,0,0
IL,1000,10,0,6000,0,0
CA,800,0,0,3500,0,0
CA,9769,150,0,0,4121,0
TX,1500,700,0,0,0,0
TX,350000,450,1000,9448,0,0
TX,135752,7715,0,6500,0,0
KS,3000,1500,5600,74500,0,0
TX,40000,180,0,0,0,0
CA,35500,20,0,1000,0,0
TX,1000,133,0,134250,0,0
MT,0,20,0,3000,0,0
TX,0,160,0,0,15000,0
LA,10000,10,0,0,0,1000
TX,500,14,0,100,500,0
TX,36850,45,0,0,0,0
TX,0,7650,0,50000,200000,0
NM,131882,2250,0,16404,0,0
OH,200,40,0,3000,1000,0
TX,325000,51640,0,0,5000,0
TX,11000,30,0,10000,5000,0
TX,1500,200,0,800,0,0
LA,2000,25,0,40000,0,0
CA,375000,14000,0,63000,48000,0
TX,600,340,0,0,0,0
LA,4200000,5500,0,150000,0,0
NM,1000,500,0,4000,5000,0
LA,500,2400,0,0,0,0
LA,0,30,0,9970,0,0
TX,147000,3000,0,400000,200000,0
CA,0,0,0,3382,0,0
OR,250,40,0,11179,0,0
TX,300,50,0,0,0,0
TX,0,2400,0,20000,2600,0
AL,0,290,0,0,0,5000
TX,200,100,0,500,0,0
PA,50,150,0,1375,0,12875
AR,1200,200,10000,40000,0,0
CA,4909,137,0,30000,0,0
LA,174000,40,0,5000,0,0
MT,5000,0,0,0,0,0
NJ,500,0,0,7935,0,0
SC,0,138,0,0,1000000,0
TX,0,0,0,0,0,0
TX,200,25,0,0,0,0
OK,400,141,0,30,2800,200
TX,2500,21,0,14000,0,0
MS,450,2940,0,275,41335,0
TX,10000,180,0,6000,30000,0
TX,0,300,0,2000,4000,0
MN,0,50,0,22000,0,0
TX,5000,150,0,0,1000,0
OK,50,300,0,50,0,0
TX,0,0,0,0,0,0
LA,1922910,7000,0,3758020,545550,707230
TX,3300,250,0,41722,0,0
TX,0,1400,0,27700,27300,0
TX,528705,0,0,44694,9700,0
TX,40000,931,0,10000,0,0
NJ,300000,0,0,0,5000,0
TX,0,60,0,5200,0,0
TX,13000,2025,0,0,0,0
AL,1500000,734072,0,64000000,0,0
TX,513000,297440,0,750000,600000,0
TX,16960,7560,0,8735,78615,375
NM,953,54,0,6035,3951,0
ND,75,128,0,8000,14000,0
NM,4213,2,0,0,0,0
TX,2500,0,0,250,0,0
OK,10000,1100,0,2000,12000,0
GA,5000,60,0,3000,10000,0
TX,7340,100,0,8396,0,0
IN,1500,75,0,10000,5000,0
TX,5000,0,0,14000,0,0
TX,5000,10817,0,0,0,0
OK,68000,400,3000,34500,0,0
OH,200000,300,0,50000,50000,0
TX,14415,0,0,7590,0,0
TX,500,50,0,0,0,0
TX,0,200,0,10000,10000,30000
TX,3359,30,0,3900,0,0
WY,100,50,0,770,0,0
OK,0,50,0,52000,0,0
TX,25000,1000,0,0,8310,0
TX,3000,210,0,27000,0,0
NJ,10000,0,0,100,1000,0
MS,500,68,0,2500,0,0
MO,250,450,0,41841,9500,0
TX,2500,25,0,1000,0,0
TX,1600,171,0,0,1800,0
TX,0,20,0,0,0,0
LA,5000,200,0,25000,9800,0
TX,550000,808,0,0,0,0
TX,0,0,0,0,0,0
LA,15000,750,0,35000,125000,0
TX,3500,25,0,0,0,0
PA,1000,0,0,100,0,0
WY,0,4835,0,5000,76887,9500
CO,200,0,0,0,0,0
KS,216,264,0,1200,1250,0
WY,300,75,0,200,300,0
TX,0,0,0,0,0,0
TX,10000,5,0,3500,3500,1500
VA,600,52,0,60000,0,0
NE,121500,139077,10300,2415900,0,68338
OH,2978,2608,10000,526154,122648,0
TX,150,156,0,486940,0,0
TX,100,17049,0,0,0,0
MN,16404,6,0,162,0,0
PA,1600000,85722,0,856704,20000,0
OK,0,22500,0,0,0,0
KS,300,50,0,2000,1200,500
KS,0,100,0,10000,0,0
PA,0,13,0,3120,0,0
TX,500,17,0,1000,500,0
KS,250000,77490,0,0,2500000,0
TX,0,50,0,3500,1500,0
AL,0,0,0,0,0,0
LA,200,100,0,1000,0,0
TX,35723,65,350,5636,100,0
LA,100,0,0,0,0,0
TX,60000,0,0,0,0,0
WA,4200,25,0,0,0,0
ID,50000,80,0,23000,0,0
NJ,45000,0,0,5000,10000,0
TX,11174,0,0,1970,0,0
TX,2500,25,0,0,0,0
TX,4000,170,0,19000,0,0
TX,0,20,0,2000,3200,0
PA,196988,43000,0,15302,0,0
TX,40000,500,0,2000,0,0
MO,50000,10000,0,1250000,700000,0
OH,25284,150,0,53889,0,0
IL,127747,1,0,0,0,0
CA,50,86,0,2000,0,0
KS,1000,1178,0,1500,2500,5000
TX,6700,200,0,150,0,4029
NJ,1000,0,0,1971,0,0
SD,250,30,0,0,0,0
TX,3000,25,0,20000,1500,0
TX,5000,1,0,0,0,0
TX,21000,250,0,5000,0,0
TX,2000,5,0,0,1000,0
TX,2000,100,0,0,0,0
CA,75000,1000,0,250000,469000,0
MO,0,0,0,0,0,0
LA,5000,300,0,25000,20000,0
TX,5000,13,0,0,0,0
UT,50,1,0,0,0,0
TX,72000,20000,0,900000,140000,0
AR,500,26,0,2500,0,0
WY,7500,130,0,0,0,0
IL,142435,0,0,12811,0,0
ND,0,0,0,0,0,0
TX,200,12,0,0,0,0
SC,80,847,0,0,0,0
TX,415000,1600,0,45000,40000,0
TX,0,1000,0,10000,0,0
NM,1000,150,0,4000,5000,0
TX,0,500,0,200,0,3000
TX,250,300,0,500,0,0
TX,100,575,0,1500,0,0
VA,92000,220,0,265000,0,0
TX,0,1800,0,200,45000,0
TX,5000,180,0,2500,1200,0
OH,75000,15750,0,150000,60000,2000
NJ,13318,0,0,90990,13492,0
TX,1000,10,0,0,1000,0
TX,0,1500,0,2500,12000,0
OK,5000,243,0,5000,5000,0
LA,150000,6,0,2073,0,0
OK,5000,3750,0,5000,5000,0
IN,48264,103,0,17674,0,0
MO,15020,27,0,32000,0,0
TX,65000,75,0,0,0,0
TX,4100,10600,50000,105000,87810,1000
TX,1000,120,0,2000,10000,0
MO,0,15,0,0,61000,0
LA,0,5400,0,0,0,100000
OK,7000,50,0,5000,3000,0
PA,11852,11,0,29565,0,0
TX,45600,200,0,0,0,0