Accident Year,Accident State,Unintentional Release (Barrels)
2010,KS,21
2010,ME,0.12
2010,LA,2
2010,WI,0.48
2010,TX,700
2010,ND,3784
2010,TX,35
2010,TX,0.24
2010,TX,0.4
2010,TX,0.48
2010,LA,2237
2010,TX,3
2010,KS,2
2010,OK,53
2010,OK,21
2010,IL,0.19
2010,OK,445
2010,LA,3.49
2010,TX,6
2010,MN,0.48
2010,NY,0.24
2010,CA,1
2010,KS,5
2010,IN,2
2010,CO,1.79
2010,IL,3
2010,CA,2
2010,LA,6.76
2010,MS,0.71
2010,KS,1.2
2010,IN,1
2010,LA,202
2010,TX,0.6
2010,ND,20
2010,KS,15
2010,WI,0.24
2010,KS,3
2010,LA,5
2010,LA,0.64
2010,IN,0.71
2010,IL,0.12
2010,KS,0.12
2010,NJ,0.95
2010,TX,8
2010,TX,9
2010,TX,1
2010,WA,0.71
2010,IA,28
2010,OK,13718
2010,NC,0.55
2010,TX,198
2010,MN,3
2010,KS,2.99
2010,,0.5
2010,LA,7.88
2010,LA,0.31
2010,MO,84
2010,KS,168
2010,TX,1
2010,TX,1
2010,WI,0.75
2010,IA,115
2010,TX,0.12
2010,NM,2
2010,TX,0.6
2010,CA,48
2010,OK,7
2010,CA,240
2010,IL,90
2010,TX,0.47
2010,LA,1.35
2010,LA,0.24
2010,OK,0.25
2010,LA,0.47
2010,PA,1700
2010,,5.7
2010,TX,0.71
2010,FL,286
2010,LA,0.6
2010,IL,40
2010,MO,656
2010,VA,1.2
2010,MO,20
2010,OK,0.12
2010,WY,0
2010,OK,3
2010,LA,400
2010,KY,4
2010,TX,0.71
2010,MO,0.24
2010,TX,0.36
2010,OK,0.02
2010,TN,4.76
2010,IN,0.01
2010,TX,0.1
2010,TX,0.84
2010,TX,15
2010,MO,0.98
2010,TX,0.12
2010,MN,5
2010,MN,25
2010,KS,1669
2010,LA,13
2010,MI,91
2010,KS,1
2010,ID,22
2010,KS,2
2010,GA,3
2010,TX,0.25
2010,TX,0.6
2010,IA,0.36
2010,KS,770
2010,NJ,0.71
2010,TX,1
2010,CA,2
2010,NV,5.75
2010,ND,40
2010,NM,2
2010,TX,0.53
2010,TX,9
2010,LA,125
2010,TX,3
2010,TX,13
2010,TX,70
2010,TX,1
2010,NJ,0.38
2010,TX,4.1
2010,NJ,1
2010,KS,0.12
2010,OH,10
2010,SD,0.11
2010,TX,4
2010,TX,4.5
2010,AK,2580
2010,CO,4.7
2010,LA,1.31
2010,KS,10
2010,TX,0.36
2010,KS,1
2010,TX,0.83
2010,MI,2121
2010,TX,2
2010,OK,85
2010,SC,1.29
2010,CA,508
2010,TX,1
2010,TX,4618
2010,OK,11
2010,MN,1.9
2010,TX,2
2010,ND,1
2010,IL,0.1
2010,LA,10.7
2010,WI,1
2010,LA,3
2010,SC,10.83
2010,TX,3
2010,TX,0.5
2010,WY,0.36
2010,TX,2.11
2010,UT,800
2010,OK,6
2010,OK,1
2010,WY,30
2010,LA,0.19
2010,TX,0.14
2010,SD,2.38
2010,LA,0.24
2010,OH,4.47
2010,TX,2
2010,IL,3
2010,NE,184.14
2010,KS,2
2010,MN,10
2010,,0.52
2010,OK,1
2010,GA,3104
2010,CA,9
2010,OK,3.5
2010,TX,1.5
2010,TX,7.52
2010,TX,6
2010,TX,0.48
2010,VA,0.36
2010,OK,1.5
2010,TX,33.8
2010,IL,0.29
2010,OK,30
2010,OK,1.11
2010,IN,0.6
2010,NJ,7
2010,CA,0.94
2010,TX,3.2
2010,NE,0.36
2010,MI,20082
2010,TX,10
2010,IL,197
2010,MN,0.23
2010,MT,0.3
2010,MN,155
2010,KS,20
2010,TX,3
2010,CO,0.16
2010,TX,0.12
2010,PA,0.78
2010,OH,1
2010,TX,4.5
2010,OK,320
2010,TX,0.37
2010,TX,3
2010,TX,0.38
2010,TX,3
2010,NY,0.23
2010,IN,920
2010,OK,1
2010,TX,2
2010,NE,0.24
2010,LA,0.6
2010,TX,14
2010,ND,0.38
2010,TX,100
2010,OK,0.6
2010,MO,1.43
2010,TX,6
2010,TX,1
2010,TX,0.02
2010,WY,10
2010,NY,3283
2010,TX,0.48
2010,TX,4.46
2010,TX,3
2010,KS,2
2010,OK,0.71
2010,,0
2010,MT,3.6
2010,AK,0.12
2010,KS,0.5
2010,LA,382
2010,KS,0.85
2010,KS,0.85
2010,TX,0.37
2010,IL,7538
2010,MI,0.24
2010,KS,0.24
2010,LA,161
2010,TX,189
2010,TX,0.5
2010,IA,1.7
2010,TX,0.83
2010,IL,0.71
2010,TX,87
2010,TX,200
2010,TX,2
2010,MN,0.24
2010,TX,2
2010,TX,1
2010,TX,0.24
2010,TX,1
2010,LA,1
2010,MI,1
2010,TX,100
2010,TX,10200
2010,NJ,2
2010,NJ,0
2010,TX,299
2010,TX,6.2
2010,OK,0.48
2010,TX,10
2010,IL,0.83
2010,TX,241
2010,TX,0.12
2010,TX,3.57
2010,TX,3.36
2010,CA,2.5
2010,TX,0.5
2010,OK,3.53
2010,TX,20
2010,IL,1
2010,TX,0.48
2010,KS,95
2010,CA,17
2010,OK,2
2010,MN,0.36
2010,CA,120
2010,MN,48
2010,OK,0.48
2010,OK,15
2010,KS,2
2010,IA,8.62
2010,TX,15
2010,TX,0.71
2010,TX,25
2010,LA,1030
2010,AL,0.24
2010,TX,100
2010,NJ,4
2010,KS,0.35
2010,TX,10
2010,CA,0.76
2010,MT,90
2010,TX,3
2010,SC,1.48
2010,CA,0.54
2010,IA,2.3
2010,NJ,0.43
2010,CA,0.24
2010,TX,26
2010,TX,0.24
2010,AR,10
2010,MI,0.24
2010,TX,83
2010,UT,500
2010,IL,500
2010,TX,0.83
2010,TX,75
2010,TX,6
2010,IA,0.98
2010,KS,0.6
2010,OK,0.19
2010,MD,1.17
2010,NJ,3.78
2010,TX,3
2010,TX,1
2010,ND,1.42
2010,IL,0.23
2010,TX,2
2010,OK,286
2010,KS,3415
2010,OK,199
2010,MN,4544
2010,MI,29
2010,KS,0.48
2010,KS,0.24
2010,MO,0.24
2010,IL,1760
2010,TX,1
2010,MO,0.5
2010,SC,0.36
2010,MS,75
2010,NJ,27.29
2010,TX,0.67
2010,LA,0.29
2010,NE,1.78
2010,TX,7
2010,TX,0.48
2010,CA,30
2010,IA,8.57
2010,KS,4.5
2010,TX,125
2010,IL,5
2011,IL,20
2011,TX,0.5
2011,TX,5
2011,WY,30
2011,TX,1.7
2011,TX,1
2011,TX,0.71
2011,AK,308
2011,VA,8.62
2011,TX,0.02
2011,OK,406
2011,TX,0.14
2011,TX,5
2011,OK,2
2011,OK,0.95
2011,MD,0.4
2011,NJ,0.95
2011,IL,0.2
2011,MS,1
2011,NJ,0.52
2011,IN,544
2011,OK,1250
2011,TX,20
2011,LA,1.74
2011,TX,23
2011,LA,79
2011,TX,6911
2011,PR,66
2011,MO,0.24
2011,TX,5.6
2011,PA,0.02
2011,AR,4
2011,OK,0.36
2011,OK,9
2011,IN,1.2
2011,MN,0.12
2011,TX,1000
2011,IL,88.1
2011,NJ,47
2011,TX,0.24
2011,PA,38
2011,TX,288.5
2011,TX,0
2011,TX,40
2011,TX,0.5
2011,NM,2530
2011,TX,40
2011,TX,4
2011,WY,3.99
2011,OK,78
2011,TX,2.4
2011,KS,400
2011,NJ,0.4
2011,NJ,7.14
2011,KS,0.24
2011,OK,50
2011,IA,0.24
2011,MT,0.16
2011,TX,0.74
2011,TX,1
2011,CO,0.95
2011,OK,600
2011,IL,0.6
2011,MT,3
2011,AL,4
2011,NJ,0.19
2011,TX,482
2011,LA,8.36
2011,ND,0.24
2011,OK,0.12
2011,KS,20
2011,OK,25
2011,TX,0.53
2011,VA,0.45
2011,MT,2
2011,WY,80
2011,OK,100
2011,MI,0.95
2011,CT,600
2011,NJ,23
2011,LA,0.24
2011,OK,1
2011,KS,15
2011,TX,2
2011,TX,1
2011,PA,300
2011,TX,4
2011,TX,12
2011,TX,40
2011,IL,0.5
2011,NC,0.29
2011,KY,10
2011,OK,4.5
2011,NE,0.55
2011,IL,0.15
2011,ID,228
2011,TX,1
2011,TX,115
2011,WI,0.29
2011,TX,4
2011,LA,5.23
2011,MD,0.19
2011,CA,0.6
2011,TX,0.24
2011,WI,11.9
2011,IN,0.48
2011,ND,0.76
2011,MI,9000
2011,OK,1.43
2011,TX,1
2011,TX,1
2011,KS,15
2011,KS,2
2011,CA,1
2011,CA,8.19
2011,TX,8
2011,TX,1
2011,TX,2
2011,TX,3
2011,WY,0.46
2011,KS,95
2011,CA,4.1
2011,TX,0.14
2011,KS,12
2011,ND,400
2011,OH,60
2011,TX,1
2011,IA,0.24
2011,MI,5
2011,IL,100
2011,OH,2.4
2011,IL,2
2011,OH,0.08
2011,KS,15
2011,OK,121
2011,TX,1
2011,CA,4
2011,IL,4
2011,KS,8.5
2011,MI,1.3
2011,TX,0.25
2011,TX,0.5
2011,IA,0.35
2011,IA,1
2011,GA,3.09
2011,TX,6
2011,TX,12229
2011,KS,0.36
2011,IA,4
2011,TX,0.42
2011,CA,0.24
2011,OK,0.23
2011,TX,1
2011,,0.02
2011,TX,20
2011,MS,0.8
2011,PA,0.4
2011,TX,33
2011,OK,4.88
2011,OH,100
2011,LA,0.89
2011,TX,12
2011,TX,50
2011,TX,1
2011,OK,19
2011,TX,275
2011,NJ,0.23
2011,CA,4
2011,TX,2.3
2011,NE,3
2011,CA,20
2011,TX,0.14
2011,LA,1
2011,MT,1509
2011,TX,29.4
2011,SD,0.48
2011,OK,3.44
2011,KS,10
2011,OK,0.6
2011,TX,0.28
2011,IL,0.9
2011,TX,70
2011,TX,0.38
2011,NE,100
2011,TX,2.6
2011,OK,0.74
2011,LA,2
2011,TX,1967
2011,IA,0.27
2011,OK,0.23
2011,TX,1.19
2011,TX,1.5
2011,FL,803
2011,KS,35
2011,TX,123
2011,KY,0.52
2011,TX,3
2011,TX,15
2011,OK,0.24
2011,LA,0.28
2011,KS,27
2011,CA,1
2011,CA,2
2011,CA,35
2011,TX,131
2011,IL,3.26
2011,NE,3.57
2011,CA,0.35
2011,MS,8.54
2011,CA,0.7
2011,IL,0.14
2011,TX,1
2011,TX,1
2011,TX,5
2011,TX,928.5
2011,IA,675
2011,IL,20
2011,WI,0.95
2011,CA,2
2011,OK,4.5
2011,OH,0.23
2011,LA,18.7
2011,TX,250
2011,TX,20
2011,IA,0.2
2011,OK,19.86
2011,CA,38
2011,IA,0.24
2011,CA,5
2011,TX,0.5
2011,CA,56
2011,IL,0.2
2011,TX,4
2011,TX,2
2011,KS,1
2011,SD,0.71
2011,TX,4
2011,CA,0.48
2011,TX,4.7
2011,TX,560
2011,TX,12836
2011,NJ,2
2011,CA,0.24
2011,KS,0.17
2011,,0.09
2011,TX,500
2011,OK,1.7
2011,TX,0.24
2011,TX,0.35
2011,OK,2
2011,WA,0.29
2011,WY,96
2011,NY,23
2011,NY,595
2011,LA,3.43
2011,TX,80
2011,TX,0.5
2011,WY,0.48
2011,ND,20
2011,WI,15
2011,PA,78
2011,SD,2.62
2011,IL,10
2011,TX,10
2011,CA,41
2011,NJ,1
2011,TX,0.5
2011,OK,25
2011,KS,590
2011,TX,0.16
2011,KS,0.48
2011,OK,17
2011,OK,3299
2011,TX,210
2011,IL,5.95
2011,TX,1
2011,IN,398
2011,TX,0.12
2011,OK,0.35
2011,OK,3
2011,SC,0.45
2011,TX,73
2011,IL,0.48
2011,OK,5
2011,TX,0.35
2011,GA,23
2011,TX,4
2011,CA,3
2011,IN,9.5
2011,TX,6
2011,OK,0.23
2011,NJ,0.25
2011,TX,0.48
2011,TX,80
2011,IL,5648
2011,CA,45
2011,LA,0.23
2011,MN,10
2011,LA,0.95
2011,OK,0.47
2011,TX,1.5
2011,ND,200
2011,TX,90
2011,WY,1958
2011,TX,1330
2011,TX,2490
2011,OK,140
2011,IL,16.6
2011,MN,0.48
2011,NJ,1.19
2011,IL,0.01
2011,LA,85
2011,TX,100
2011,TX,1855
2011,TX,0.36
2011,TX,5
2011,CA,0.02
2011,TX,0.12
2011,TX,10
2011,AL,69
2011,ND,800
2011,IA,0.24
2011,TX,31
2011,TX,1
2011,NM,0
2011,OK,360
2011,ND,1000
2011,LA,3.06
2011,NE,650
2011,NE,2184
2011,TX,0.71
2011,TX,0.23
2011,CA,0.5
2011,NC,3.3
2011,OK,250
2011,SC,22
2011,TX,1
2011,TX,2.5
2011,MO,0.83
2011,TX,2
2011,TX,3283
2011,TX,0
2011,TX,0.23
2011,TX,2
2011,KS,150
2012,OK,33.79
2012,WY,1.5
2012,TX,117
2012,TX,0.12
2012,LA,0.5
2012,TX,2
2012,CA,0.84
2012,OK,0.14
2012,OH,1950
2012,GA,0.31
2012,AK,3.26
2012,CA,2
2012,NJ,75
2012,TX,2
2012,SC,323.8
2012,KS,0.71
2012,MS,0.95
2012,IL,0.17
2012,IA,11.9
2012,LA,0.5
2012,PA,0.6
2012,AR,60
2012,WI,1.52
2012,NM,0.36
2012,WY,440
2012,KS,262
2012,TX,70
2012,WI,215
2012,TX,0.16
2012,TX,26
2012,TX,0.33
2012,IN,0.24
2012,OK,32
2012,CA,0.5
2012,OH,0.6
2012,TX,0.35
2012,KS,0.48
2012,LA,0.45
2012,OK,100
2012,MN,1477
2012,TX,1.2
2012,LA,0.83
2012,MT,0.35
2012,TX,14
2012,MI,20
2012,NJ,5.4
2012,WI,5
2012,TX,1
2012,MD,5
2012,IN,0.01
2012,TX,2
2012,MN,0.24
2012,MN,0.24
2012,SD,500
2012,IN,24
2012,MT,0.23
2012,MT,183
2012,OK,2
2012,TX,1300
2012,TX,2
2012,TX,0.16
2012,TX,0.12
2012,TX,128
2012,IL,1500
2012,LA,0.17
2012,TX,1.5
2012,TX,0.5
2012,TX,3
2012,TX,1
2012,NE,1.9
2012,OK,0.24
2012,IN,0.2
2012,TX,0.12
2012,NJ,0.12
2012,NJ,0.5
2012,LA,4.3
2012,MT,0.5
2012,TX,1
2012,LA,204
2012,TX,3
2012,TX,0.48
2012,MN,0.02
2012,IL,11
2012,MN,1.19
2012,IL,12
2012,MN,0.24
2012,KS,10
2012,TX,0.48
2012,IL,0.4
2012,IL,1.6
2012,NE,222
2012,TX,100
2012,TX,75
2012,WA,1.96
2012,WA,0.97
2012,TX,4.5
2012,TX,3.88
2012,IL,0.36
2012,TX,2.5
2012,TX,3
2012,OH,0.1
2012,TX,15.15
2012,MO,20
2012,TX,0.48
2012,MN,0.6
2012,TX,5
2012,OK,600
2012,CA,4.5
2012,OK,1.84
2012,MS,0.87
2012,LA,5.5
2012,LA,0.23
2012,MN,0.24
2012,IL,41.64
2012,TX,116
2012,OK,5
2012,KS,0.48
2012,TX,0.38
2012,TX,3
2012,NJ,35.26
2012,CA,2.7
2012,TX,0.16
2012,CA,5
2012,AK,0.28
2012,IN,0.72
2012,KY,0.47
2012,TX,3
2012,NJ,0.17
2012,OK,0.5
2012,LA,2880
2012,OK,15
2012,TX,3
2012,TX,3
2012,AL,8
2012,KS,0.36
2012,MO,0.71
2012,LA,0.6
2012,TX,20
2012,NJ,0.48
2012,TX,0.24
2012,OK,0.71
2012,ND,150
2012,MO,3.2
2012,TX,0.1
2012,MO,5
2012,OK,7
2012,WY,0.14
2012,IL,2.38
2012,TX,10
2012,TX,0.4
2012,NJ,53.18
2012,TX,1.5
2012,MN,3.4
2012,CA,9.29
2012,GA,14
2012,TX,2.5
2012,OK,5
2012,WI,1.19
2012,OK,3
2012,TX,239
2012,TX,2880
2012,TX,0
2012,KS,26
2012,OH,0.02
2012,CA,0.42
2012,CA,0.6
2012,TX,15
2012,LA,10
2012,KS,304
2012,TX,0.1
2012,TX,0.25
2012,MS,0.19
2012,TX,20
2012,TX,8
2012,TX,1
2012,OK,0.48
2012,KS,60
2012,PA,100
2012,TX,250
2012,TX,1
2012,TX,0.12
2012,KS,5.69
2012,CO,0.36
2012,OH,23.5
2012,MO,0.2
2012,KS,142
2012,TX,465
2012,TX,2.4
2012,OK,211
2012,CA,13
2012,TX,0.48
2012,NM,4
2012,TX,0.12
2012,TX,2
2012,TX,0.12
2012,PA,8.7
2012,KS,99
2012,LA,15.67
2012,WI,1302
2012,LA,0.36
2012,LA,50
2012,TX,6.3
2012,WY,3
2012,TX,3117
2012,TX,16
2012,NY,27.4
2012,TX,132
2012,OK,1
2012,MN,1
2012,KS,0.12
2012,TX,0.2
2012,TX,0.83
2012,WI,1729
2012,VA,0.95
2012,TX,217
2012,MO,1
2012,TX,0.36
2012,OK,1
2012,WI,0.24
2012,AL,0.21
2012,TX,0.44
2012,TX,24.2
2012,OR,0.5
2012,TX,3
2012,NM,4
2012,GA,1.38
2012,KS,0.4
2012,PA,4.14
2012,OK,0.5
2012,TX,5
2012,TX,0.25
2012,IL,25
2012,FL,0.1
2012,WY,0.36
2012,IL,0.2
2012,TX,5
2012,WY,20
2012,IL,704
2012,MT,0.36
2012,KS,0.1
2012,TX,1.19
2012,CA,15
2012,LA,1
2012,TX,2
2012,MI,2.38
2012,TX,80
2012,IA,8.78
2012,NJ,0.38
2012,CA,25
2012,LA,0.02
2012,IA,54.65
2012,NJ,0.12
2012,TX,0.5
2012,NJ,0.71
2012,TX,100
2012,LA,0.95
2012,KS,0.38
2012,LA,3.75
2012,TX,6700
2012,TX,40
2012,TX,10
2012,TX,70
2012,TX,1
2012,TX,1
2012,CA,2.9
2012,TX,0.48
2012,TX,0.71
2012,CA,0.24
2012,TX,1.09
2012,CA,19.6
2012,IN,0.95
2012,IL,0.1
2012,TX,1
2012,TX,13
2012,TX,1.5
2012,CA,3
2012,WY,20
2012,TX,0.24
2012,TN,85.7
2012,LA,59.7
2012,VA,3.5
2012,OK,75
2012,CO,0.48
2012,LA,2
2012,OK,1
2012,IL,1.5
2012,CA,6.71
2012,LA,2
2012,LA,0
2012,UT,30
2012,CA,0.24
2012,CA,45
2012,TX,718
2012,OK,0.83
2012,TX,450
2012,TX,0.12
2012,KS,0.24
2012,MN,0.12
2012,IL,10
2012,TX,100
2012,WY,200
2012,LA,1.5
2012,OK,0.6
2012,CA,0.67
2012,,0.11
2012,NJ,1
2012,IA,0.1
2012,OK,200
2012,CA,20
2012,IA,1.9
2012,WA,0.48
2012,TX,2
2012,NM,4
2012,TX,0.5
2012,ND,76
2012,MT,1
2012,LA,0.59
2012,TX,40
2012,TX,1.5
2012,TX,1.3
2012,WY,7.5
2012,IL,900
2012,OK,35
2012,TX,10
2012,NE,60
2012,IA,10.52
2012,WY,20
2012,TX,86
2012,CA,600
2012,IL,0.24
2012,KS,0.1
2012,OK,2
2012,TX,23
2012,TX,11
2012,TX,1187.69
2012,LA,2.65
2012,TX,0.1
2012,NJ,5.3
2012,LA,329
2012,NJ,48
2012,KS,7.3
2012,TX,5
2012,TX,0.3
2012,OK,38.5
2012,VA,0.45
2012,PA,3.1
2012,NE,23.81
2012,KS,100
2012,TX,4.25
2012,TX,6719
2012,TX,1
2012,LA,0.3
2012,KY,0.48
2012,ND,0.23
2012,MI,3
2012,TX,0.23
2012,IL,3
2012,MS,10
2012,MS,7
2012,WY,0.7
2012,TX,0.2
2012,NM,150
2012,VA,1.8
2012,MI,0
2012,KS,158.4
2012,LA,8.33
2013,NC,131.3
2013,MN,0.48
2013,GA,5.95
2013,TX,2
2013,PA,12.5
2013,KS,0.24
2013,OK,1
2013,TX,10
2013,CA,0.22
2013,AL,0.2
2013,OK,4
2013,IA,0.24
2013,LA,3.68
2013,TX,1.5
2013,TX,0.2
2013,IN,2.2
2013,OK,1
2013,CA,0.71
2013,MS,0.24
2013,TX,0.7
2013,TX,0.12
2013,KS,391.8
2013,AR,31.2
2013,TX,97.52
2013,KY,0.3
2013,AL,1
2013,KS,1
2013,TX,2
2013,MT,0.3
2013,MN,0.2
2013,OK,3
2013,TN,0.67
2013,KS,2.38
2013,TX,350
2013,OK,12
2013,ND,0.24
2013,TX,0.48
2013,ID,15
2013,TX,20
2013,NJ,4
2013,KS,14.7
2013,NM,20
2013,MI,0.24
2013,TX,4.83
2013,VA,0.79
2013,IA,0.45
2013,IL,0
2013,TX,25
2013,TX,1100
2013,TX,0.74
2013,TX,8.5
2013,TX,0.36
2013,MS,122
2013,TX,9
2013,TX,25
2013,TX,3
2013,WY,15
2013,TX,7
2013,NJ,2
2013,TX,15
2013,OK,0.25
2013,NE,0.48
2013,MN,5.95
2013,MO,53.3
2013,TX,3.4
2013,TX,0.3
2013,TX,0.3
2013,MO,0.8
2013,KS,20
2013,TX,25
2013,WY,300
2013,TX,1
2013,LA,0.87
2013,GA,0.6
2013,NJ,1.21
2013,TX,3
2013,TX,0.43
2013,TX,0.1
2013,LA,0
2013,TX,0.01
2013,IN,1.33
2013,OK,0.36
2013,IN,0.7
2013,IL,1.57
2013,TX,550
2013,TX,37.16
2013,OK,10
2013,CA,0.36
2013,OK,75
2013,KS,0.9
2013,TX,3
2013,OK,1
2013,TX,1.5
2013,NE,0.3
2013,TX,0.78
2013,LA,1
2013,MS,190.76
2013,KS,0.47
2013,TX,0.1
2013,AR,5600
2013,TX,50
2013,TX,37.5
2013,LA,23702
2013,IA,10
2013,TX,3
2013,UT,499
2013,TX,300
2013,TX,8
2013,IN,255
2013,KY,20
2013,TX,5.88
2013,TX,940
2013,AR,3190
2013,TX,1.6
2013,LA,10
2013,MN,0.71
2013,CA,2.3
2013,IL,1.1
2013,MI,2.39
2013,KS,100
2013,LA,3.42
2013,TX,1.19
2013,TX,1
2013,TX,0.2
2013,TX,1
2013,MI,0.01
2013,TX,1
2013,CA,1.3
2013,LA,9
2013,OH,0.24
2013,TX,1
2013,TX,52
2013,MO,0.24
2013,MS,1
2013,IL,30
2013,CT,0.95
2013,AL,0.1
2013,KS,5
2013,TX,16.1
2013,TX,50
2013,LA,2.9
2013,OH,0.12
2013,OK,3
2013,OK,5
2013,NJ,0.59
2013,IL,0.7
2013,TX,3
2013,OK,0.28
2013,TX,4
2013,PA,0.24
2013,MN,33.33
2013,IN,0.2
2013,TX,2
2013,TX,0.36
2013,MO,1.3
2013,IA,253
2013,ND,1.5
2013,NJ,0.83
2013,TX,0.57
2013,MN,0.6
2013,SC,0.2
2013,TN,4.5
2013,CA,0.69
2013,TX,0.48
2013,MO,0.92
2013,OK,2
2013,ND,1
2013,PA,0.5
2013,LA,1
2013,TX,1
2013,IN,539
2013,TX,3
2013,OH,1
2013,LA,7.6
2013,TX,2
2013,IA,0.38
2013,TX,1
2013,TX,4.1
2013,OH,0.23
2013,LA,125
2013,TX,0.7
2013,OK,0.27
2013,IL,1.36
2013,NE,2.39
2013,OK,2246
2013,TX,0.2
2013,TX,0.5
2013,LA,2
2013,PA,5.3
2013,OK,1
2013,TX,1
2013,TX,3
2013,MN,0.12
2013,TX,0.6
2013,TX,0.7
2013,MO,0.5
2013,IN,0.2
2013,TX,1
2013,CO,0.8
2013,TX,0.4
2013,UT,10
2013,OK,200
2013,WY,135
2013,IA,0.74
2013,TX,200
2013,KS,3.7
2013,MI,0.48
2013,TX,0.71
2013,IL,0.6
2013,TX,7
2013,TX,1
2013,NM,26
2013,TX,4153
2013,AK,0.52
2013,CA,15.5
2013,TX,0.48
2013,GA,2.2
2013,OH,0.2
2013,TX,0.48
2013,TX,1.5
2013,TX,0.3
2013,MD,1.83
2013,GA,0.4
2013,TX,20
2013,TX,150
2013,TX,21
2013,NM,1
2013,OK,85
2013,TX,0.28
2013,LA,0.01
2013,TX,220
2013,IA,18.18
2013,IA,5
2013,MT,411
2013,TX,1.6
2013,TX,0.47
2013,ND,870
2013,TX,2
2013,KS,0.9
2013,CA,0.34
2013,KS,1
2013,OH,0.1
2013,TX,0.02
2013,MO,1.9
2013,ND,2
2013,NC,6.7
2013,TX,1
2013,LA,0
2013,TX,4
2013,KS,2
2013,MN,3.33
2013,TX,50
2013,ND,0.25
2013,TX,0.2
2013,WY,125
2013,MN,0
2013,OK,535
2013,NM,1.2
2013,TX,2.8
2013,ND,20600
2013,NC,28.4
2013,OK,0.47
2013,NM,2
2013,TX,12.5
2013,TX,0.1
2013,LA,5
2013,MN,0.2
2013,TX,80
2013,CA,10.65
2013,IN,160
2013,IN,0.7
2013,CA,130
2013,MN,0.24
2013,OH,2
2013,NY,2.5
2013,CA,1.36
2013,TX,0.5
2013,TX,0.48
2013,NJ,0.6
2013,IL,18400
2013,TX,7.6
2013,WV,11405
2013,NJ,1.85
2013,ND,118
2013,IL,0.38
2013,TX,0
2013,TX,3
2013,IA,5.23
2013,WY,6
2013,OK,491
2013,PA,0.95
2013,MI,12
2013,TX,10
2013,TX,6
2013,TX,0.47
2013,KS,0.6
2013,KS,17
2013,IL,273
2013,TX,1
2013,TX,0.5
2013,MO,0.81
2013,TX,2752
2013,TX,20
2013,OK,1
2013,NC,5.7
2013,CA,10
2013,TX,150
2013,OK,6
2013,CA,0.6
2013,NM,2491
2013,NJ,3.81
2013,TX,4
2013,OK,4
2013,PA,0.04
2013,MN,16.43
2013,IA,4.52
2013,KS,0.2
2013,TX,5
2013,PA,3.5
2013,TX,1
2013,MI,2.45
2013,MI,5.65
2013,KS,0.12
2013,TX,34
2013,TX,0
2013,TX,10
2013,TX,3.48
2013,TX,1
2013,TX,30
2013,CA,500
2013,TX,13
2013,MS,0.36
2013,CA,133
2013,CA,6
2013,MS,0.1
2013,TX,0.8
2013,NY,0.07
2013,TX,0.76
2013,NM,20
2013,TX,1.75
2013,OK,7
2013,TX,0.48
2013,TX,8
2013,TX,0.24
2013,CA,0.16
2013,TX,400
2013,IL,1.17
2013,NJ,0.08
2013,ND,5
2013,IA,21
2013,OK,2.25
2013,ND,9
2013,OK,2.8
2013,TX,0.5
2013,TX,1.2
2013,TX,10
2013,WI,0.24
2013,OK,1.7
2013,TX,1
2013,TX,1
2013,MS,1
2013,TX,4357
2013,OK,7
2013,AR,0.23
2013,CO,0.2
2013,LA,3
2013,OK,125
2013,NM,0.2
2013,NM,3
2013,OK,17.8
2013,IN,20
2013,TX,160
2013,OK,20
2013,TX,0.22
2013,WY,15
2013,TX,0.24
2013,TX,0.18
2013,KS,3.7
2013,KS,0.01
2013,OK,7
2013,IL,0.1
2013,OK,30
2013,TX,0.71
2013,KS,142.5
2013,TX,20
2013,WY,0.48
2013,OK,200
2013,PA,2.97
2013,NM,3
2013,KS,67
2013,PA,0.24
2013,NM,15
2013,KY,0.24
2013,OK,3.75
2013,NM,3500
2013,TX,0.24
2013,OK,138
2013,OK,47
2013,TX,3
2013,IL,50
2013,TX,716
2014,IL,1
2014,TX,2.9
2014,CA,440
2014,OK,45
2014,IN,0.36
2014,MS,14.6
2014,LA,1
2014,CA,65
2014,NJ,0.24
2014,NC,0.6
2014,LA,5
2014,SC,1238.1
2014,NE,1.3
2014,CO,2
2014,OK,30
2014,OH,2.4
2014,KS,110
2014,LA,0.79
2014,KS,5
2014,MN,2.38
2014,TX,0.5
2014,CA,186
2014,TX,15
2014,OH,0.1
2014,WY,0.9
2014,KS,35
2014,TX,0.6
2014,KS,0.24
2014,KS,0.24
2014,NJ,0.12
2014,OK,25
2014,TX,60
2014,MN,3
2014,KS,2.5
2014,TX,0.5
2014,KS,0.36
2014,TX,400
2014,TX,0.5
2014,TX,0.25
2014,KS,0.24
2014,TX,2
2014,OK,2
2014,NM,1
2014,IN,1
2014,VA,20
2014,LA,0.12
2014,TX,475
2014,PA,12
2014,WY,1
2014,TX,0.48
2014,IN,0.24
2014,LA,1.1
2014,NJ,0.24
2014,IN,5
2014,TX,0.02
2014,LA,0.13
2014,MI,17.97
2014,TX,20
2014,OK,321.5
2014,TX,5
2014,IN,0.2
2014,OH,7.14
2014,ND,800
2014,WI,0.24
2014,IL,0.26
2014,TX,10
2014,IL,0.28
2014,KS,7.3
2014,TX,3.5
2014,OH,0.17
2014,IA,2.5
2014,HI,3
2014,TX,0.48
2014,IL,0.2
2014,TX,4
2014,ND,65
2014,CA,15
2014,OK,1.5
2014,MI,0.9
2014,LA,0.3
2014,TX,12
2014,TX,0.54
2014,TX,15
2014,OK,5
2014,OK,30
2014,KY,1
2014,TX,20
2014,IN,747.7
2014,OK,1
2014,OK,1.5
2014,MO,0.4
2014,CA,238
2014,TX,3
2014,AL,3
2014,TX,0.6
2014,IA,0.4
2014,IN,0.12
2014,MT,1.25
2014,OH,0.71
2014,MT,1
2014,NM,15
2014,TX,364
2014,IN,0.24
2014,ND,3
2014,WY,30
2014,OK,1
2014,OK,361
2014,IN,11
2014,GA,8.2
2014,TX,0.24
2014,ND,5
2014,IL,25
2014,IL,5
2014,TX,0.75
2014,KS,2
2014,MS,0.5
2014,KS,2
2014,MI,64
2014,TX,1.55
2014,CA,39
2014,OH,450
2014,AL,0.24
2014,TX,4
2014,NM,2.5
2014,TX,0.5
2014,OK,35
2014,ND,475
2014,ND,200
2014,TX,3992
2014,GA,41
2014,TX,0.44
2014,TN,2
2014,TX,650
2014,MS,17.85
2014,WI,7
2014,CO,0.08
2014,TX,1
2014,OK,4
2014,TX,4.5
2014,IL,1
2014,TX,20
2014,TX,0.24
2014,TX,0.71
2014,TX,1.12
2014,KS,31.42
2014,FL,0.23
2014,OK,160
2014,TX,3
2014,IL,0.19
2014,NY,0.48
2014,TN,1
2014,WY,2
2014,LA,2
2014,LA,0.79
2014,MN,0.6
2014,MO,80
2014,IA,1.07
2014,VA,0.48
2014,TX,49
2014,TX,4.5
2014,OK,0.35
2014,PA,2
2014,NM,500
2014,TX,173
2014,TX,1
2014,OH,5
2014,MN,0.36
2014,TX,0.01
2014,TX,3
2014,LA,0.9
2014,TX,3
2014,TX,100
2014,TX,12
2014,OK,3
2014,LA,4.7
2014,IN,0.95
2014,TX,0.5
2014,LA,400
2014,WY,1
2014,TX,0.36
2014,TX,0.2
2014,OK,65
2014,IL,0.05
2014,WY,5
2014,WY,5
2014,TX,4.5
2014,TX,0.54
2014,LA,0.9
2014,TX,7
2014,OK,0.71
2014,TX,400
2014,OK,176
2014,TX,4
2014,TX,2066
2014,TX,0.01
2014,TX,0.2
2014,TX,1.5
2014,TX,3
2014,MO,270
2014,KS,2.9
2014,TX,10
2014,TX,744.05
2014,TX,0.2
2014,,0.1
2014,SC,608
2014,MS,4
2014,CA,0.26
2014,OK,2.5
2014,CA,331
2014,KS,0.6
2014,LA,20
2014,WY,35
2014,TX,2
2014,WY,0.19
2014,TX,250
2014,TX,1
2014,CA,989
2014,TX,890
2014,CA,0.24
2014,TX,150
2014,AR,0.48
2014,TX,1
2014,LA,2
2014,NC,15.88
2014,MO,0.71
2014,LA,84
2014,MN,0.2
2014,LA,0.48
2014,KY,0
2014,KY,7.1
2014,CA,0.5
2014,KS,20.7
2014,TX,25
2014,MT,3.5
2014,KS,0.6
2014,KS,2.85
2014,WY,0.5
2014,MS,1.6
2014,LA,0.3
2014,MO,11.9
2014,CA,7.2
2014,CA,37
2014,TX,473
2014,OK,0.5
2014,CA,0.12
2014,TX,0.35
2014,CA,22
2014,IL,3
2014,IL,646
2014,LA,0.3
2014,MN,23
2014,TX,67.82
2014,TX,1
2014,OK,4.2
2014,TX,10
2014,CA,225
2014,CA,10
2014,TX,0.06
2014,NJ,0.67
2014,IL,0.1
2014,TX,3
2014,OK,0.36
2014,IN,10
2014,NM,120
2014,WY,500
2014,TX,0.12
2014,TX,800
2014,WA,0.19
2014,CO,350
2014,TX,0.7
2014,KS,0.2
2014,,1.49
2014,UT,1
2014,CA,2.38
2014,TX,1
2014,OH,0.8
2014,LA,0.02
2014,PA,0.05
2014,TX,14
2014,TX,0.71
2014,KS,4
2014,NM,0.2
2014,NM,8
2014,CA,16
2014,TX,0.2
2014,TX,0.28
2014,IL,10
2014,LA,0.2
2014,TX,4
2014,ND,0.21
2014,OK,0.7
2014,TX,1.1
2014,FL,0.1
2014,WY,2
2014,TX,6
2014,KS,2
2014,MN,0.26
2014,IL,0.59
2014,WY,30
2014,KS,16.66
2014,LA,0.1
2014,WI,2.5
2014,TX,0.36
2014,TX,0.71
2014,NJ,143
2014,TX,0.2
2014,OH,0.24
2014,AL,919
2014,OK,0.17
2014,LA,2.12
2014,OK,52
2014,TX,0.93
2014,WY,1
2014,TX,0.1
2014,OK,1
2014,KS,0.83
2014,TX,2
2014,AK,6
2014,NJ,2.4
2014,CO,200
2014,TX,0.02
2014,NM,1
2014,TX,2
2014,MT,5
2014,LA,10
2014,NJ,0.48
2014,TX,1.9
2014,KS,40
2014,OK,3.4
2014,TX,5
2014,WY,15
2014,WY,30
2014,TX,17.1
2014,MN,0.24
2014,TX,0.2
2014,TX,0.95
2014,KS,15.6
2014,CA,12.76
2014,CA,0.24
2014,LA,0.02
2014,CA,2.13
2014,AR,250
2014,TX,1.2
2014,TX,1
2014,TX,15
2014,OH,1.43
2014,MN,3.93
2014,AR,0.1
2014,TX,1
2014,TX,128
2014,ND,1
2014,CO,20
2014,KS,0.15
2014,NJ,10
2014,LA,0.45
2014,OK,115
2014,IL,21.4
2014,TX,10
2014,TX,1
2014,OK,8.9
2014,WY,0.24
2014,TX,6.5
2014,TX,2.38
2014,TX,34.6
2014,TX,0.44
2014,ND,0.2
2014,TX,0.1
2014,CA,0.86
2014,WY,45
2014,WY,0.13
2014,OK,1
2014,LA,6
2014,TX,3
2014,TX,0.48
2014,LA,4509
2014,WY,3
2014,TX,2
2014,TX,15
2014,KS,0.71
2014,TX,4
2014,TX,0.25
2014,WY,8
2014,LA,2.4
2014,CO,0.6
2014,LA,0.36
2014,TX,0.17
2014,TX,90
2014,OH,0
2014,OK,2
2014,OK,15
2014,IN,0.12
2014,TX,1
2014,KY,40
2014,TX,4
2014,IL,0.36
2014,TX,790
2014,IA,3216
2014,MT,0.24
2014,WA,7.49
2014,CA,5
2014,CA,0.31
2014,TX,0.3
2014,TX,20
2014,OK,30
2014,CA,2
2014,FL,0
2014,NM,5
2014,CO,119.05
2014,TX,0.63
2014,OK,1
2014,TX,1.5
2014,OK,13
2014,NJ,0.19
2014,MT,25
2014,OH,1.45
2014,NM,62
2014,OK,0.2
2014,TX,0.4
2014,TX,50
2014,WY,2
2014,OK,0.24
2014,WY,4
2014,WI,5.95
2014,IL,0.42
2014,TX,0.55
2014,TX,31.8
2014,TX,0.24
2014,MI,0
2014,TX,20
2014,SC,8800
2014,TX,35
2014,ND,5.7
2014,CA,0.01
2014,CA,0.79
2014,OH,1
2014,GA,22.6
2014,SC,0
2014,TX,1
2014,IN,0.12
2014,WY,5
2014,NE,1.19
2014,TX,0.36
2014,IN,2.38
2014,WY,0.24
2014,MN,20
2014,NM,0.5
2014,CO,0.47
2014,OK,6
2014,LA,0
2014,PA,1924
2014,IN,9.4
2014,TX,100
2014,TX,9
2014,TX,181
2015,TX,500
2015,AL,9.52
2015,TX,1
2015,TX,2
2015,OK,0.5
2015,TX,0.24
2015,TX,300
2015,OH,100
2015,OK,1
2015,TX,27123
2015,CA,58.9
2015,WI,5
2015,NE,0.48
2015,TX,30
2015,OK,1
2015,MN,20
2015,TX,25
2015,TX,0.2
2015,LA,0.05
2015,MT,758
2015,ND,0.06
2015,LA,0.7
2015,CA,3.57
2015,TX,1.75
2015,TX,0.5
2015,PA,0.88
2015,OK,6.9
2015,OK,0.5
2015,WI,2
2015,HI,1300
2015,TX,3
2015,TX,2
2015,MT,2
2015,TX,0.1
2015,LA,0.07
2015,WV,30565
2015,LA,0.4
2015,TX,1.11
2015,NM,24
2015,NJ,0.24
2015,IN,0.4
2015,LA,2.86
2015,TX,1
2015,OK,760
2015,IN,0.36
2015,TX,35
2015,KS,308
2015,MN,0.01
2015,WY,0.5
2015,NM,105
2015,OK,0.2
2015,OH,0.71
2015,TX,15
2015,NM,1
2015,CO,0.38
2015,IL,0.01
2015,TX,200
2015,PA,51
2015,KS,3
2015,TX,2.9
2015,CA,2
2015,NJ,0.24
2015,KY,160
2015,TX,2.5
2015,OK,0.5
2015,NM,10
2015,OK,0.2
2015,TX,2.97
2015,WY,65
2015,CA,0.11
2015,TX,85
2015,TX,30
2015,ND,0.62
2015,LA,0.7
2015,OK,0.18
2015,TX,3
2015,TX,23
2015,PA,0.12
2015,NJ,0.01
2015,WI,4.76
2015,TX,0.33
2015,LA,0.2
2015,PA,297
2015,CO,0.48
2015,CA,15
2015,AR,0.2
2015,TX,1
2015,TX,80
2015,CA,100
2015,MI,0.19
2015,ND,390
2015,TX,12
2015,IL,84
2015,KS,0.1
2015,IA,0.16
2015,MO,0.33
2015,TX,0.2
2015,TX,25
2015,TX,25
2015,WY,300
2015,OK,5
2015,OH,0.6
2015,NC,23.1
2015,WY,0.3
2015,MN,0.24
2015,OK,0.2
2015,TX,0.1
2015,OH,0.6
2015,IN,2
2015,TX,1.5
2015,LA,0.71
2015,MS,80
2015,MS,0.5
2015,IL,0.95
2015,OK,8
2015,TX,3
2015,NJ,0.21
2015,WY,0.5
2015,TN,0.5
2015,TX,0.26
2015,PA,0.4
2015,TX,0.85
2015,TX,2.4
2015,,1.4
2015,KS,5
2015,OK,4.4
2015,CA,1.66
2015,OK,8
2015,TX,2.38
2015,KS,0.38
2015,TX,3
2015,TX,400
2015,LA,0.36
2015,TX,1
2015,TX,0.79
2015,MO,4.48
2015,PA,0.4
2015,TX,5
2015,SC,62.9
2015,MD,0.36
2015,NM,50
2015,OK,0.26
2015,AK,4.31
2015,TX,2.3
2015,CA,0.95
2015,LA,2535
2015,TX,0.4
2015,PA,0.3
2015,TX,4
2015,MO,0.62
2015,WY,0.2
2015,TX,0.5
2015,MN,10
2015,TX,0.45
2015,KS,0.71
2015,TX,10
2015,OK,0.24
2015,VA,1.43
2015,NC,0.45
2015,TX,25
2015,IL,4
2015,OK,0.1
2015,MD,0.24
2015,IL,0.6
2015,MO,0.24
2015,TX,2
2015,TX,0.48
2015,WY,3.7
2015,KS,1861
2015,NM,100
2015,OK,4.5
2015,TX,0.12
2015,TX,0.2
2015,TX,3
2015,TX,0.4
2015,TX,4
2015,TX,0.2
2015,TX,445
2015,TX,650
2015,TX,0.1
2015,TX,0.1
2015,TX,1
2015,NJ,0.59
2015,IL,0.8
2015,TX,1
2015,WI,2
2015,TX,0.2
2015,CA,2934
2015,TX,1.5
2015,TX,770
2015,TX,10
2015,IL,5
2015,TX,1
2015,CA,0.83
2015,CA,7.86
2015,TX,0.2
2015,TX,172
2015,LA,0.24
2015,TX,20
2015,TX,0.5
2015,AK,0.24
2015,NM,35
2015,TX,60
2015,LA,8.98
2015,TX,0.71
2015,CA,12.7
2015,AL,0.26
2015,CA,0.91
2015,VA,0.67
2015,TX,1.5
2015,TX,0.47
2015,NM,0.25
2015,TX,1
2015,LA,0.6
2015,OK,0.18
2015,WY,40
2015,TX,0.4
2015,WY,3.5
2015,NJ,3.57
2015,OH,0.4
2015,NY,5.7
2015,TX,4.05
2015,IL,3
2015,TX,1609
2015,TX,8000
2015,TX,315
2015,WY,2
2015,TX,3300
2015,TX,4.71
2015,TX,976
2015,WY,1
2015,NJ,0.1
2015,CO,0.01
2015,TX,0.36
2015,MT,6
2015,KS,0.16
2015,LA,0.04
2015,NM,682
2015,WY,260
2015,KS,0.5
2015,MT,1.5
2015,VA,0.12
2015,LA,1
2015,TX,0.07
2015,TX,0.24
2015,TX,4.5
2015,WY,30
2015,IL,100
2015,OK,0.5
2015,TX,1.79
2015,FL,0.96
2015,WY,2
2015,IL,51.5
2015,LA,0.6
2015,NM,1.43
2015,MO,1
2015,TX,10
2015,WY,162
2015,OK,1
2015,LA,0.6
2015,WY,145
2015,OK,400
2015,OH,6.02
2015,TX,27
2015,CA,264
2015,WI,13.9
2015,TX,5
2015,TX,1.9
2015,TX,1
2015,PA,0.23
2015,MN,0.01
2015,KS,1.6
2015,IN,0.48
2015,NM,17.3
2015,UT,3
2015,IN,0.95
2015,TX,1.3
2015,NJ,4.76
2015,TX,1.5
2015,LA,4
2015,TX,1.6
2015,TX,321
2015,LA,3.3
2015,TX,138.3
2015,TX,8.98
2015,TX,0.71
2015,WY,35
2015,CO,1300
2015,KS,93.85
2015,TX,15
2015,TX,0.12
2015,CA,5
2015,TX,0.6
2015,KS,3
2015,NC,142.9
2015,WI,0.71
2015,LA,0.52
2015,TX,0.21
2015,WY,0.5
2015,TX,1025
2015,TX,0.1
2015,IL,0.24
2015,NC,8.9
2015,TX,0.07
2015,TX,1
2015,IL,0.1
2015,WY,2
2015,WY,1
2015,NY,0.7
2015,OK,28
2015,OR,0.74
2015,TX,26
2015,TX,5
2015,NM,40
2015,OK,20
2015,TX,0.47
2015,OK,30
2015,TX,1
2015,TX,0.01
2015,TX,15
2015,MD,0.48
2015,OH,0.2
2015,WY,3
2015,MA,8.3
2015,TX,0.1
2015,TX,1
2015,IN,6
2015,MO,5
2015,TX,75
2015,TX,200
2015,KS,100
2015,IL,2.39
2015,TX,2
2015,MI,22
2015,TX,150
2015,CA,70
2015,CA,900
2015,TX,0.01
2015,SC,0.21
2015,TX,13.21
2015,CA,24
2015,TX,0.1
2015,VA,95.24
2015,IN,5.74
2015,TX,2
2015,MA,2.9
2015,TX,5
2015,TX,3
2015,TX,6
2015,TX,38.7
2015,TX,5
2015,,0.39
2015,OK,20
2015,CA,16.5
2015,WY,1
2015,CA,72
2015,OH,0.2
2015,TX,6.25
2015,TX,4
2015,TX,0.38
2015,TX,0.2
2015,CA,0.2
2015,TX,2.38
2015,WY,0.15
2015,WY,8
2015,PA,5
2015,MS,4
2015,TX,15
2015,WY,0.12
2015,MT,0.5
2015,ND,27
2015,WY,1
2015,TX,17
2015,TX,0.6
2015,PA,215
2015,TX,10
2015,NJ,0.2
2015,NJ,0.2
2015,TX,0.41
2015,TX,1
2015,IL,24
2015,TX,2
2015,LA,0.05
2015,TX,0.89
2015,LA,13.6
2015,OH,0.23
2015,TX,100
2015,TX,0.5
2015,TX,100
2015,TX,522
2015,TX,1.7
2015,TX,40
2015,TX,1064
2015,TX,0.5
2015,TX,14
2015,TX,0.5
2015,TX,45
2015,TX,5
2015,NM,0.35
2015,OK,0.29
2015,WY,9
2015,TX,0.36
2015,WY,4
2015,WY,20
2015,TX,24
2015,TX,98
2015,GA,65.98
2015,WY,20
2015,TX,0.3
2015,TX,24
2015,OK,6
2015,NJ,0.12
2015,OR,2.4
2015,WY,0.2
2015,CA,2
2015,TX,35
2015,TX,0.01
2015,OK,632
2015,TX,0.1
2015,TX,0.5
2015,WY,0.2
2015,WY,0.2
2015,MN,0.01
2015,MN,10.8
2015,,0.02
2015,TX,1.5
2015,TX,1
2015,TX,30
2015,WY,0.2
2015,MN,0.2
2015,LA,5
2015,TX,1.4
2015,VA,0.28
2015,LA,220
2015,TX,53.47
2015,TX,2
2015,TX,2
2015,OK,1181
2015,KS,40
2015,NC,3.69
2015,TX,1
2015,TX,798
2015,OK,225
2015,TX,19
2015,IL,1.14
2015,OK,1000
2015,TX,0.1
2015,TX,443
2015,TX,0.75
2015,CA,211
2015,CA,4.93
2015,NM,1.5
2015,TX,10
2015,TX,0.5
2015,CA,0.95
2015,OK,21
2015,TX,0.02
2015,OK,2
2015,TX,9.76
2015,IA,10
2015,TX,0.8
2015,TX,3
2016,TX,0.59
2016,TX,1850
2016,TX,0.35
2016,IL,1.8
2016,MS,1.07
2016,OK,4
2016,TX,200
2016,LA,2853.5
2016,KY,10
2016,KS,140
2016,OK,11
2016,NY,0.31
2016,TX,0.2
2016,NM,2
2016,NM,0.5
2016,OK,1
2016,KS,169
2016,WY,1.1
2016,NM,0.24
2016,NJ,519
2016,CA,0.48
2016,ND,1
2016,NJ,1.4
2016,KS,1.6
2016,TX,1
2016,IL,1
2016,TX,485
2016,TX,0.02
2016,AL,2.67
2016,TX,1
2016,TX,180
2016,TX,2.8
2016,IN,533
2016,MS,11
2016,NC,11
2016,ND,22.1
2016,TX,0.1
2016,OK,20
2016,WY,0.36
2016,LA,1.02
2016,IL,0.59
2016,AL,3.02
2016,AK,0.01
2016,WI,104
2016,TX,4
2016,OH,1.2
2016,TX,300
2016,WY,80
2016,CA,0.5
2016,TX,1
2016,VA,1.5
2016,OH,69
2016,TX,0.1
2016,TX,20
2016,NM,100
2016,TX,8
2016,IA,0.29
2016,TX,34
2016,OK,152
2016,TX,195
2016,NY,249
2016,MS,330
2016,SD,31
2016,KS,15
2016,IN,0.5
2016,OK,0
2016,LA,0.1
2016,NJ,0.8
2016,NJ,0.6
2016,OK,0.2
2016,OK,0.2
2016,NJ,359
2016,CO,223
2016,NJ,4.76
2016,OH,150
2016,LA,4950
2016,NJ,0
2016,NJ,0
2016,KS,238
2016,IA,0.27
2016,CA,30
2016,GA,13.71
2016,TX,0.2
2016,TX,0.24
2016,PA,0.23
2016,TX,0.2
2016,TX,4.8
2016,CA,0.14
2016,TX,0.24
2016,NY,2
2016,IA,1.74
2016,OK,0.48
2016,TX,0.37
2016,MN,0.21
2016,IL,0.23
2016,TX,8.3
2016,AL,1.5
2016,ND,150
2016,TX,1.34
2016,WY,0.64
2016,ND,20
2016,MS,0.1
2016,CA,2.19
2016,TX,10
2016,PA,29
2016,TX,83
2016,WY,61
2016,IA,10
2016,OK,2.6
2016,WY,6
2016,TX,0.9
2016,TX,960
2016,SD,400
2016,KS,65.3
2016,NJ,0.24
2016,TX,4
2016,OK,100.1
2016,TX,2.1
2016,TX,1.4
2016,TX,50
2016,KS,4
2016,TX,1
2016,AL,14.29
2016,IN,854
2016,CA,18
2016,LA,123
2016,NM,190
2016,TX,6
2016,AK,0
2016,TX,32
2016,TX,40
2016,TX,0.17
2016,TX,4
2016,LA,0.7
2016,TX,15
2016,LA,47.62
2016,NJ,150
2016,KS,4
2016,TX,0.1
2016,MS,14
2016,OK,50
2016,CO,91.1
2016,TX,694
2016,TX,63
2016,CA,2.98
2016,MO,0.48
2016,IN,0.6
2016,IN,2.4
2016,ND,1.48
2016,ND,31
2016,IA,1
2016,KS,37.5
2016,TX,0.01
2016,PA,0.6
2016,NM,70
2016,LA,5.8
2016,NJ,2
2016,TX,3.61
2016,TX,10
2016,TX,5
2016,TX,38
2016,NJ,0.14
2016,TX,0.1
2016,CA,500
2016,LA,0.1
2016,TX,0.2
2016,OK,24
2016,TX,0.16
2016,MT,0
2016,LA,0.2
2016,TX,20
2016,OK,25
2016,NE,0.36
2016,TX,0.02
2016,PA,9.1
2016,NJ,24
2016,CA,15
2016,CA,15
2016,OH,2
2016,TX,25
2016,TX,0.29
2016,IL,0.48
2016,TX,1.97
2016,TX,0.35
2016,MI,280
2016,TX,200
2016,TX,0.2
2016,TX,1
2016,OH,0.5
2016,KS,470.8
2016,TX,0.71
2016,CA,0.48
2016,MT,10
2016,TX,60
2016,CA,0.12
2016,TX,0.33
2016,TX,2
2016,TX,4.4
2016,CA,173
2016,TX,0.01
2016,TX,15
2016,TX,4.2
2016,ND,0.12
2016,TX,0.11
2016,OK,1
2016,TX,0.71
2016,CA,1075
2016,TX,0.2
2016,MO,10
2016,TX,0.1
2016,OH,0.1
2016,LA,130
2016,TX,222
2016,TX,0.25
2016,TX,3
2016,TX,1
2016,VA,12.05
2016,TX,5.6
2016,TX,13.21
2016,KS,2.28
2016,TX,81.4
2016,CO,1.19
2016,LA,16.91
2016,TX,300
2016,TX,90
2016,TX,1.1
2016,TX,0.38
2016,TX,0.5
2016,AL,9.6
2016,IN,4.76
2016,TX,50
2016,TX,2
2016,TX,0.88
2016,OK,0.12
2016,TX,1
2016,HI,14
2016,IL,0.2
2016,CA,1
2016,CA,3
2016,TX,5.9
2016,TX,10
2016,TX,2
2016,KS,25
2016,TX,4
2016,CA,0.36
2016,TX,4.87
2016,MT,0.28
2016,TX,10
2016,LA,0.18
2016,TX,0.36
2016,TX,1
2016,TX,700
2016,NM,250
2016,OH,2
2016,TX,203
2016,TX,0.6
2016,TX,6.15
2016,LA,4
2016,CA,295
2016,TX,17
2016,LA,52.2
2016,NM,10
2016,LA,56
2016,LA,0.24
2016,TX,71.8
2016,CA,50.24
2016,OR,0.69
2016,TX,0.7
2016,TX,15
2016,AL,6.91
2016,TX,4.4
2016,PA,5
2016,AR,20
2016,CA,1.79
2016,LA,0.69
2016,MT,0
2016,NJ,0.05
2016,SC,0.24
2016,TX,0.1
2016,TX,0.8
2016,OK,3
2016,TX,0.47
2016,MS,45
2016,TX,4
2016,TX,2.5
2016,MN,0.2
2016,TX,3
2016,OK,7.2
2016,TX,2.48
2016,LA,160
2016,TX,20
2016,TX,16
2016,TX,0.03
2016,TX,19
2016,NJ,0.02
2016,TX,3
2016,TX,60
2016,AL,7370
2016,TX,8600
2016,TX,168
2016,NM,4.5
2016,ND,4
2016,NM,0.7
2016,TX,0.4
2016,OK,22
2016,GA,0.6
2016,TX,1.07
2016,IN,1
2016,TX,0.24
2016,TX,1208
2016,OK,5
2016,OH,2.38
2016,TX,5
2016,TX,0.5
2016,TX,4
2016,TX,0.31
2016,WY,0.2
2016,OK,5
2016,TX,6.3
2016,TX,5
2016,NJ,1.19
2016,MS,1.05
2016,MO,10.71
2016,TX,0.5
2016,TX,11.5
2016,TX,0.01
2016,LA,1.5
2016,TX,0.12
2016,TX,0
2016,LA,7.9
2016,TX,0.3
2016,PA,0.6
2016,WY,575
2016,CO,1.58
2016,KS,6
2016,WY,2
2016,TX,0
2016,TX,1
2016,VA,0.86
2016,NE,2587
2016,OH,40
2016,TX,3.48
2016,TX,649
2016,MN,0.15
2016,PA,1238
2016,OK,7603
2016,KS,1.2
2016,KS,0.71
2016,PA,0.2
2016,TX,0.37
2016,KS,1722
2016,TX,2.82
2016,AL,4444.5
2016,LA,2
2016,TX,1.5
2016,LA,0.14
2016,TX,0.02
2016,WA,0.27
2016,ID,0.71
2016,NJ,0.05
2016,TX,2
2016,TX,0.5
2016,TX,4
2016,TX,0.2
2016,PA,1820
2016,TX,7
2016,MO,656.77
2016,OH,3
2016,IL,0.1
2016,CA,1.4
2016,KS,72
2016,TX,4.2
2016,NJ,5
2016,SD,0.4
2016,TX,5
2016,TX,0.38
2016,TX,25
2016,TX,0.13
2016,TX,1.98
2016,CA,20
2016,MO,5000
2016,LA,5.1
2016,TX,0.2
2016,UT,0.24
2016,TX,500
2016,AR,0.4
2016,WY,191
2016,IL,0.1
2016,ND,4200
2016,TX,0.22
2016,SC,33
2016,TX,34.1
2016,TX,11.4
2016,NM,15
2016,TX,5
2016,TX,2.1
2016,TX,4.16
2016,VA,0
2016,TX,60
2016,TX,2
2016,OH,150
2016,NJ,1.19
2016,TX,0.22
2016,TX,30
2016,OK,5
2016,LA,0.12
2016,OK,75
2016,IN,1.7
2016,MO,12.5
2016,TX,3
2016,TX,202
2016,TX,3
2016,MO,0.25
2016,LA,580
2016,OK,1
2017,PA,0.2
2017,TX,4