Accident Year,Accident Date/Time
2010,1/1/10 7:15
2010,1/4/10 8:30
2010,1/5/10 10:30
2010,1/6/10 19:30
2010,1/7/10 13:00
2010,1/8/10 23:38
2010,1/9/10 0:15
2010,1/9/10 1:12
2010,1/10/10 19:46
2010,1/11/10 14:30
2010,1/11/10 14:30
2010,1/11/10 14:47
2010,1/11/10 15:00
2010,1/11/10 23:00
2010,1/12/10 10:25
2010,1/12/10 14:30
2010,1/12/10 19:08
2010,1/13/10 7:36
2010,1/13/10 13:30
2010,1/13/10 15:30
2010,1/14/10 13:15
2010,1/15/10 7:05
2010,1/15/10 15:00
2010,1/18/10 10:00
2010,1/19/10 13:10
2010,1/19/10 20:00
2010,1/21/10 9:30
2010,1/21/10 12:30
2010,1/21/10 18:43
2010,1/22/10 12:05
2010,1/24/10 12:30
2010,1/25/10 11:07
2010,1/27/10 15:30
2010,1/28/10 11:00
2010,2/2/10 8:00
2010,2/4/10 15:10
2010,2/6/10 11:30
2010,2/8/10 12:20
2010,2/9/10 10:00
2010,2/9/10 15:25
2010,2/16/10 7:42
2010,2/17/10 17:45
2010,2/19/10 6:50
2010,2/20/10 6:30
2010,2/21/10 12:45
2010,2/22/10 10:38
2010,2/22/10 10:56
2010,2/23/10 23:30
2010,2/25/10 4:50
2010,2/25/10 10:00
2010,3/1/10 8:10
2010,3/1/10 9:16
2010,3/1/10 11:50
2010,3/3/10 22:20
2010,3/4/10 5:30
2010,3/4/10 23:00
2010,3/8/10 11:01
2010,3/8/10 11:30
2010,3/9/10 11:25
2010,3/9/10 14:15
2010,3/11/10 10:00
2010,3/14/10 22:04
2010,3/15/10 9:30
2010,3/15/10 10:00
2010,3/15/10 15:55
2010,3/16/10 11:10
2010,3/18/10 15:30
2010,3/20/10 12:03
2010,3/21/10 1:00
2010,3/22/10 13:30
2010,3/23/10 14:00
2010,3/23/10 18:30
2010,3/24/10 8:00
2010,3/24/10 13:30
2010,3/25/10 13:42
2010,3/25/10 17:36
2010,3/26/10 13:50
2010,3/27/10 22:30
2010,3/29/10 10:15
2010,3/29/10 18:45
2010,3/30/10 14:00
2010,3/31/10 9:00
2010,4/3/10 14:55
2010,4/5/10 7:55
2010,4/5/10 9:10
2010,4/5/10 23:00
2010,4/5/10 23:45
2010,4/7/10 1:46
2010,4/7/10 10:45
2010,4/8/10 18:58
2010,4/9/10 14:00
2010,4/10/10 18:40
2010,4/12/10 16:36
2010,4/13/10 12:01
2010,4/13/10 12:25
2010,4/14/10 11:30
2010,4/15/10 20:25
2010,4/16/10 8:14
2010,4/16/10 9:35
2010,4/17/10 19:00
2010,4/20/10 14:56
2010,4/23/10 16:32
2010,4/24/10 19:30
2010,4/25/10 9:00
2010,4/26/10 9:15
2010,4/26/10 10:18
2010,4/26/10 10:35
2010,4/26/10 12:00
2010,4/27/10 14:00
2010,4/28/10 12:00
2010,4/28/10 12:55
2010,4/29/10 9:55
2010,4/29/10 17:20
2010,4/30/10 7:00
2010,5/4/10 22:10
2010,5/7/10 13:00
2010,5/10/10 8:00
2010,5/10/10 18:00
2010,5/12/10 10:10
2010,5/16/10 0:00
2010,5/16/10 2:30
2010,5/16/10 6:45
2010,5/16/10 14:50
2010,5/17/10 7:00
2010,5/19/10 10:00
2010,5/19/10 14:08
2010,5/20/10 10:30
2010,5/20/10 15:50
2010,5/20/10 16:30
2010,5/20/10 17:30
2010,5/21/10 13:45
2010,5/23/10 6:30
2010,5/24/10 9:15
2010,5/25/10 11:00
2010,5/26/10 19:30
2010,5/27/10 3:50
2010,5/27/10 8:00
2010,5/27/10 12:45
2010,5/27/10 13:40
2010,5/27/10 15:00
2010,5/29/10 12:34
2010,5/29/10 14:00
2010,5/29/10 17:15
2010,5/31/10 10:00
2010,6/1/10 10:00
2010,6/1/10 12:45
2010,6/3/10 19:13
2010,6/3/10 20:21
2010,6/4/10 11:25
2010,6/5/10 10:30
2010,6/7/10 8:00
2010,6/7/10 12:50
2010,6/8/10 10:13
2010,6/8/10 15:45
2010,6/8/10 15:50
2010,6/9/10 8:00
2010,6/9/10 22:47
2010,6/10/10 4:30
2010,6/11/10 7:00
2010,6/11/10 19:00
2010,6/12/10 7:42
2010,6/12/10 12:34
2010,6/14/10 4:26
2010,6/14/10 13:34
2010,6/16/10 9:00
2010,6/16/10 11:35
2010,6/23/10 12:00
2010,6/23/10 12:08
2010,6/23/10 12:09
2010,6/25/10 9:55
2010,6/28/10 8:30
2010,6/30/10 4:58
2010,6/30/10 18:45
2010,7/2/10 10:15
2010,7/2/10 14:00
2010,7/4/10 12:15
2010,7/5/10 10:40
2010,7/6/10 8:30
2010,7/6/10 9:45
2010,7/7/10 12:00
2010,7/8/10 15:20
2010,7/11/10 8:15
2010,7/12/10 10:40
2010,7/12/10 13:30
2010,7/14/10 12:30
2010,7/14/10 13:30
2010,7/14/10 13:40
2010,7/14/10 21:15
2010,7/14/10 23:00
2010,7/17/10 11:37
2010,7/17/10 20:30
2010,7/19/10 20:44
2010,7/21/10 13:02
2010,7/23/10 14:05
2010,7/25/10 17:58
2010,7/26/10 14:20
2010,7/27/10 16:41
2010,7/28/10 7:45
2010,7/29/10 9:40
2010,7/29/10 13:30
2010,7/29/10 16:30
2010,7/31/10 7:02
2010,8/2/10 20:35
2010,8/3/10 16:00
2010,8/5/10 1:30
2010,8/5/10 14:00
2010,8/5/10 15:00
2010,8/5/10 19:38
2010,8/9/10 8:35
2010,8/11/10 8:41
2010,8/11/10 11:00
2010,8/12/10 17:00
2010,8/17/10 8:30
2010,8/17/10 9:48
2010,8/17/10 16:00
2010,8/18/10 17:00
2010,8/19/10 8:30
2010,8/19/10 23:35
2010,8/20/10 7:00
2010,8/20/10 9:45
2010,8/22/10 19:00
2010,8/23/10 7:05
2010,8/24/10 13:20
2010,8/25/10 13:30
2010,8/26/10 20:18
2010,8/27/10 5:42
2010,8/27/10 10:25
2010,8/27/10 16:30
2010,8/31/10 3:30
2010,9/1/10 17:20
2010,9/2/10 7:50
2010,9/3/10 9:45
2010,9/5/10 4:56
2010,9/5/10 17:05
2010,9/7/10 14:11
2010,9/7/10 14:30
2010,9/8/10 8:11
2010,9/8/10 10:30
2010,9/8/10 16:22
2010,9/8/10 16:22
2010,9/9/10 10:30
2010,9/9/10 11:30
2010,9/11/10 8:55
2010,9/12/10 11:15
2010,9/12/10 11:45
2010,9/13/10 13:57
2010,9/16/10 9:30
2010,9/16/10 13:20
2010,9/16/10 15:20
2010,9/16/10 16:00
2010,9/17/10 13:45
2010,9/19/10 7:40
2010,9/22/10 7:40
2010,9/23/10 12:40
2010,9/24/10 9:30
2010,9/27/10 18:00
2010,9/28/10 13:46
2010,9/30/10 8:30
2010,10/5/10 11:35
2010,10/6/10 13:20
2010,10/8/10 5:30
2010,10/11/10 7:45
2010,10/11/10 14:15
2010,10/11/10 16:10
2010,10/21/10 17:24
2010,10/23/10 1:00
2010,10/26/10 9:30
2010,10/27/10 15:00
2010,11/1/10 9:40
2010,11/1/10 14:55
2010,11/2/10 2:20
2010,11/2/10 9:00
2010,11/3/10 11:00
2010,11/4/10 12:10
2010,11/4/10 14:00
2010,11/5/10 8:00
2010,11/6/10 11:00
2010,11/8/10 2:45
2010,11/8/10 11:15
2010,11/9/10 7:19
2010,11/9/10 8:45
2010,11/10/10 7:45
2010,11/11/10 9:15
2010,11/11/10 13:00
2010,11/12/10 9:48
2010,11/12/10 15:00
2010,11/15/10 8:00
2010,11/15/10 8:35
2010,11/15/10 18:20
2010,11/15/10 18:51
2010,11/16/10 13:00
2010,11/16/10 13:40
2010,11/16/10 16:46
2010,11/18/10 8:00
2010,11/20/10 1:15
2010,11/20/10 8:30
2010,11/22/10 9:00
2010,11/22/10 14:30
2010,11/23/10 6:00
2010,11/23/10 12:09
2010,11/23/10 16:35
2010,11/24/10 6:15
2010,11/27/10 9:30
2010,11/27/10 15:00
2010,11/28/10 7:20
2010,11/28/10 10:00
2010,11/29/10 3:10
2010,11/29/10 10:00
2010,11/30/10 18:08
2010,12/1/10 9:00
2010,12/1/10 16:00
2010,12/1/10 17:00
2010,12/2/10 19:15
2010,12/3/10 16:27
2010,12/4/10 10:30
2010,12/5/10 6:40
2010,12/5/10 13:00
2010,12/5/10 20:30
2010,12/6/10 5:15
2010,12/6/10 7:30
2010,12/6/10 12:07
2010,12/6/10 13:00
2010,12/6/10 23:29
2010,12/7/10 9:35
2010,12/9/10 11:50
2010,12/9/10 12:15
2010,12/9/10 16:17
2010,12/9/10 17:50
2010,12/9/10 18:12
2010,12/10/10 15:28
2010,12/11/10 15:30
2010,12/12/10 9:35
2010,12/13/10 9:30
2010,12/13/10 15:47
2010,12/14/10 7:20
2010,12/14/10 10:35
2010,12/15/10 9:20
2010,12/15/10 10:00
2010,12/16/10 10:23
2010,12/16/10 17:00
2010,12/17/10 9:14
2010,12/20/10 16:30
2010,12/21/10 12:00
2010,12/24/10 14:10
2010,12/28/10 9:00
2010,12/28/10 17:30
2010,12/30/10 8:40
2010,12/31/10 7:55
2010,12/31/10 9:00
2010,12/31/10 12:25
2011,1/1/11 10:50
2011,1/3/11 9:30
2011,1/3/11 16:30
2011,1/4/11 11:55
2011,1/6/11 17:20
2011,1/7/11 11:00
2011,1/7/11 18:05
2011,1/8/11 8:16
2011,1/12/11 2:00
2011,1/13/11 8:00
2011,1/13/11 14:05
2011,1/14/11 4:14
2011,1/14/11 5:15
2011,1/14/11 8:30
2011,1/14/11 15:00
2011,1/15/11 8:20
2011,1/15/11 12:45
2011,1/18/11 8:30
2011,1/18/11 9:30
2011,1/18/11 19:54
2011,1/19/11 9:10
2011,1/19/11 12:30
2011,1/20/11 6:00
2011,1/22/11 6:00
2011,1/23/11 16:00
2011,1/26/11 16:03
2011,1/27/11 8:30
2011,1/28/11 10:00
2011,1/30/11 19:00
2011,2/2/11 4:30
2011,2/2/11 7:00
2011,2/2/11 14:00
2011,2/3/11 14:10
2011,2/4/11 6:40
2011,2/4/11 11:45
2011,2/4/11 12:58
2011,2/5/11 5:00
2011,2/5/11 15:30
2011,2/6/11 17:15
2011,2/7/11 14:00
2011,2/8/11 12:13
2011,2/8/11 12:14
2011,2/8/11 12:18
2011,2/8/11 12:30
2011,2/10/11 8:30
2011,2/10/11 18:30
2011,2/12/11 18:00
2011,2/13/11 5:10
2011,2/13/11 18:55
2011,2/14/11 14:45
2011,2/14/11 17:30
2011,2/15/11 10:40
2011,2/16/11 12:30
2011,2/16/11 16:30
2011,2/17/11 15:10
2011,2/17/11 15:59
2011,2/18/11 3:07
2011,2/19/11 13:24
2011,2/20/11 1:22
2011,2/20/11 14:00
2011,2/21/11 8:50
2011,2/21/11 13:30
2011,2/22/11 7:01
2011,2/22/11 8:00
2011,2/23/11 8:30
2011,2/23/11 13:25
2011,2/24/11 1:03
2011,2/24/11 20:27
2011,2/25/11 8:25
2011,2/27/11 0:00
2011,2/28/11 13:50
2011,3/1/11 6:45
2011,3/1/11 17:20
2011,3/2/11 9:00
2011,3/3/11 6:30
2011,3/7/11 7:50
2011,3/10/11 9:00
2011,3/10/11 12:28
2011,3/14/11 8:30
2011,3/14/11 8:31
2011,3/14/11 13:30
2011,3/15/11 10:00
2011,3/16/11 9:45
2011,3/16/11 16:30
2011,3/17/11 10:30
2011,3/20/11 14:02
2011,3/20/11 19:10
2011,3/21/11 7:15
2011,3/21/11 12:30
2011,3/22/11 9:57
2011,3/23/11 22:00
2011,3/25/11 5:10
2011,3/28/11 10:15
2011,3/30/11 0:55
2011,3/30/11 14:30
2011,3/30/11 15:35
2011,4/1/11 13:15
2011,4/3/11 14:05
2011,4/4/11 8:00
2011,4/4/11 8:00
2011,4/6/11 12:44
2011,4/7/11 0:31
2011,4/10/11 16:45
2011,4/11/11 8:00
2011,4/12/11 8:15
2011,4/12/11 14:20
2011,4/13/11 14:06
2011,4/13/11 18:58
2011,4/14/11 12:35
2011,4/19/11 13:16
2011,4/20/11 19:30
2011,4/20/11 20:05
2011,4/21/11 15:17
2011,4/24/11 22:00
2011,4/25/11 14:00
2011,4/27/11 8:00
2011,4/27/11 15:00
2011,4/28/11 10:00
2011,4/29/11 16:38
2011,5/2/11 9:30
2011,5/3/11 6:15
2011,5/3/11 9:45
2011,5/3/11 17:45
2011,5/4/11 15:10
2011,5/7/11 6:20
2011,5/9/11 19:15
2011,5/10/11 4:30
2011,5/10/11 13:00
2011,5/12/11 11:05
2011,5/14/11 15:40
2011,5/17/11 9:40
2011,5/17/11 23:00
2011,5/19/11 9:30
2011,5/19/11 16:05
2011,5/22/11 14:45
2011,5/23/11 4:00
2011,5/23/11 10:29
2011,5/26/11 13:10
2011,5/29/11 2:00
2011,5/29/11 12:00
2011,5/30/11 11:00
2011,5/31/11 10:00
2011,5/31/11 15:05
2011,6/1/11 6:31
2011,6/2/11 3:14
2011,6/3/11 12:30
2011,6/4/11 7:30
2011,6/4/11 22:05
2011,6/9/11 14:00
2011,6/10/11 7:45
2011,6/10/11 9:00
2011,6/10/11 11:00
2011,6/11/11 1:10
2011,6/12/11 6:30
2011,6/13/11 11:08
2011,6/13/11 14:30
2011,6/13/11 14:45
2011,6/14/11 12:16
2011,6/15/11 15:30
2011,6/16/11 6:00
2011,6/16/11 10:00
2011,6/16/11 13:55
2011,6/16/11 14:00
2011,6/18/11 7:30
2011,6/18/11 18:00
2011,6/20/11 5:00
2011,6/20/11 20:10
2011,6/21/11 12:30
2011,6/23/11 0:00
2011,6/29/11 8:41
2011,7/1/11 7:00
2011,7/1/11 13:23
2011,7/1/11 19:52
2011,7/1/11 22:40
2011,7/4/11 14:00
2011,7/4/11 17:40
2011,7/6/11 13:00
2011,7/6/11 15:31
2011,7/9/11 9:15
2011,7/12/11 6:40
2011,7/12/11 19:45
2011,7/13/11 12:10
2011,7/13/11 15:00
2011,7/16/11 19:40
2011,7/17/11 1:06
2011,7/17/11 9:20
2011,7/17/11 17:50
2011,7/18/11 20:20
2011,7/19/11 11:00
2011,7/20/11 11:00
2011,7/22/11 12:30
2011,7/22/11 15:32
2011,7/22/11 20:45
2011,7/23/11 20:15
2011,7/24/11 20:18
2011,7/24/11 20:30
2011,7/25/11 10:30
2011,7/26/11 18:50
2011,7/27/11 10:25
2011,7/30/11 7:30
2011,7/30/11 17:35
2011,8/1/11 9:15
2011,8/1/11 9:30
2011,8/6/11 16:50
2011,8/7/11 6:54
2011,8/8/11 11:27
2011,8/8/11 16:00
2011,8/10/11 3:36
2011,8/10/11 8:00
2011,8/11/11 11:20
2011,8/11/11 15:18
2011,8/12/11 4:10
2011,8/12/11 4:10
2011,8/12/11 9:15
2011,8/12/11 12:20
2011,8/13/11 1:57
2011,8/16/11 15:03
2011,8/17/11 9:40
2011,8/17/11 12:03
2011,8/17/11 19:00
2011,8/18/11 8:00
2011,8/19/11 9:44
2011,8/20/11 12:30
2011,8/21/11 8:45
2011,8/22/11 16:30
2011,8/23/11 6:45
2011,8/23/11 7:24
2011,8/23/11 21:55
2011,8/24/11 20:00
2011,8/25/11 7:15
2011,8/27/11 5:50
2011,8/28/11 11:30
2011,8/29/11 20:00
2011,8/31/11 7:45
2011,8/31/11 10:08
2011,8/31/11 19:05
2011,8/31/11 21:00
2011,9/1/11 10:30
2011,9/4/11 7:10
2011,9/5/11 10:45
2011,9/8/11 7:50
2011,9/9/11 5:30
2011,9/10/11 6:30
2011,9/11/11 10:06
2011,9/12/11 6:16
2011,9/12/11 13:45
2011,9/13/11 8:00
2011,9/14/11 12:30
2011,9/15/11 10:24
2011,9/19/11 10:30
2011,9/19/11 13:35
2011,9/20/11 6:44
2011,9/20/11 6:50
2011,9/20/11 10:22
2011,9/20/11 14:47
2011,9/21/11 4:20
2011,9/23/11 14:30
2011,9/24/11 9:40
2011,9/25/11 18:30
2011,9/25/11 18:45
2011,9/26/11 9:00
2011,9/28/11 0:03
2011,9/29/11 9:25
2011,10/3/11 11:15
2011,10/3/11 15:30
2011,10/4/11 7:20
2011,10/4/11 15:05
2011,10/4/11 22:45
2011,10/6/11 11:42
2011,10/6/11 12:00
2011,10/6/11 22:00
2011,10/7/11 7:40
2011,10/7/11 9:32
2011,10/10/11 13:15
2011,10/11/11 8:00
2011,10/12/11 7:45
2011,10/12/11 12:30
2011,10/13/11 12:00
2011,10/14/11 9:20
2011,10/14/11 16:20
2011,10/14/11 19:45
2011,10/15/11 11:00
2011,10/17/11 10:15
2011,10/17/11 16:55
2011,10/19/11 14:18
2011,10/20/11 12:59
2011,10/23/11 7:30
2011,10/24/11 12:55
2011,10/26/11 15:20
2011,10/27/11 7:00
2011,10/27/11 19:30
2011,10/31/11 7:15
2011,11/2/11 19:00
2011,11/7/11 6:00
2011,11/7/11 14:01
2011,11/7/11 18:30
2011,11/8/11 10:00
2011,11/8/11 10:10
2011,11/10/11 6:45
2011,11/11/11 15:14
2011,11/12/11 14:45
2011,11/13/11 8:00
2011,11/13/11 14:14
2011,11/14/11 2:57
2011,11/14/11 9:20
2011,11/15/11 15:53
2011,11/16/11 11:20
2011,11/17/11 11:02
2011,11/20/11 9:30
2011,11/21/11 10:15
2011,11/21/11 11:57
2011,11/22/11 3:37
2011,11/29/11 18:15
2011,11/30/11 6:49
2011,12/1/11 10:30
2011,12/1/11 14:27
2011,12/1/11 16:40
2011,12/1/11 17:50
2011,12/3/11 14:05
2011,12/6/11 3:45
2011,12/6/11 11:00
2011,12/6/11 16:10
2011,12/6/11 23:30
2011,12/7/11 13:00
2011,12/8/11 9:15
2011,12/8/11 16:10
2011,12/9/11 9:00
2011,12/9/11 11:00
2011,12/10/11 10:50
2011,12/10/11 10:50
2011,12/11/11 12:00
2011,12/11/11 18:00
2011,12/12/11 10:00
2011,12/12/11 10:16
2011,12/14/11 16:00
2011,12/17/11 16:55
2011,12/19/11 18:10
2011,12/20/11 9:30
2011,12/20/11 13:30
2011,12/27/11 13:00
2011,12/27/11 21:00
2011,12/28/11 17:00
2011,12/29/11 9:00
2011,12/29/11 14:25
2011,12/30/11 10:35
2012,1/1/12 19:00
2012,1/4/12 15:15
2012,1/6/12 9:15
2012,1/9/12 7:00
2012,1/10/12 7:30
2012,1/11/12 10:25
2012,1/12/12 6:00
2012,1/12/12 10:30
2012,1/12/12 22:18
2012,1/14/12 6:00
2012,1/14/12 22:10
2012,1/16/12 14:00
2012,1/17/12 7:20
2012,1/17/12 14:08
2012,1/18/12 8:00
2012,1/18/12 10:00
2012,1/20/12 7:00
2012,1/20/12 8:04
2012,1/22/12 9:00
2012,1/22/12 12:45
2012,1/23/12 10:12
2012,1/25/12 9:17
2012,1/26/12 14:20
2012,1/26/12 23:05
2012,1/27/12 8:43
2012,1/28/12 9:15
2012,1/30/12 9:00
2012,1/31/12 11:45
2012,2/1/12 18:30
2012,2/3/12 20:12
2012,2/6/12 11:00
2012,2/6/12 14:09
2012,2/6/12 21:55
2012,2/7/12 8:00
2012,2/7/12 11:30
2012,2/9/12 14:15
2012,2/12/12 5:31
2012,2/13/12 15:15
2012,2/14/12 13:20
2012,2/14/12 16:55
2012,2/15/12 8:00
2012,2/15/12 8:45
2012,2/15/12 9:15
2012,2/15/12 13:58
2012,2/15/12 14:15
2012,2/15/12 18:45
2012,2/16/12 1:04
2012,2/16/12 4:45
2012,2/17/12 12:10
2012,2/17/12 14:45
2012,2/18/12 5:30
2012,2/19/12 18:00
2012,2/20/12 15:19
2012,2/20/12 16:14
2012,2/21/12 13:00
2012,2/22/12 11:30
2012,2/24/12 16:10
2012,2/27/12 6:00
2012,2/28/12 6:00
2012,2/29/12 14:00
2012,3/2/12 8:45
2012,3/2/12 10:00
2012,3/2/12 18:29
2012,3/3/12 2:04
2012,3/4/12 6:00
2012,3/5/12 7:10
2012,3/6/12 13:00
2012,3/6/12 17:08
2012,3/8/12 8:45
2012,3/9/12 9:58
2012,3/9/12 10:00
2012,3/12/12 15:33
2012,3/14/12 12:25
2012,3/14/12 16:00
2012,3/15/12 0:30
2012,3/15/12 8:55
2012,3/16/12 10:27
2012,3/17/12 7:30
2012,3/17/12 10:30
2012,3/20/12 11:36
2012,3/20/12 12:30
2012,3/20/12 13:30
2012,3/21/12 10:45
2012,3/21/12 16:40
2012,3/21/12 18:00
2012,3/22/12 10:45
2012,3/22/12 16:28
2012,3/23/12 9:30
2012,3/25/12 11:30
2012,3/26/12 9:00
2012,3/27/12 9:18
2012,3/27/12 20:28
2012,3/30/12 7:30
2012,3/31/12 3:13
2012,4/1/12 0:09
2012,4/2/12 8:00
2012,4/3/12 7:40
2012,4/4/12 6:22
2012,4/4/12 9:00
2012,4/4/12 13:00
2012,4/5/12 14:18
2012,4/6/12 6:31
2012,4/6/12 8:53
2012,4/6/12 13:35
2012,4/7/12 4:23
2012,4/8/12 11:00
2012,4/8/12 22:04
2012,4/9/12 14:45
2012,4/9/12 19:15
2012,4/10/12 7:00
2012,4/10/12 17:17
2012,4/10/12 19:05
2012,4/11/12 11:30
2012,4/11/12 13:25
2012,4/12/12 7:10
2012,4/16/12 8:00
2012,4/16/12 8:45
2012,4/16/12 10:00
2012,4/16/12 18:00
2012,4/16/12 20:15
2012,4/19/12 12:28
2012,4/19/12 14:45
2012,4/19/12 16:37
2012,4/19/12 17:00
2012,4/20/12 14:00
2012,4/23/12 4:00
2012,4/23/12 9:40
2012,4/23/12 15:10
2012,4/25/12 6:30
2012,4/28/12 22:40
2012,4/29/12 18:00
2012,4/30/12 7:00
2012,5/1/12 18:15
2012,5/3/12 10:20
2012,5/6/12 19:09
2012,5/8/12 7:04
2012,5/8/12 8:40
2012,5/10/12 10:30
2012,5/12/12 11:15
2012,5/14/12 5:48
2012,5/14/12 7:00
2012,5/15/12 3:21
2012,5/15/12 10:57
2012,5/17/12 4:00
2012,5/17/12 9:30
2012,5/17/12 10:30
2012,5/18/12 6:40
2012,5/18/12 16:12
2012,5/18/12 20:00
2012,5/19/12 4:00
2012,5/19/12 5:44
2012,5/19/12 13:14
2012,5/19/12 14:14
2012,5/22/12 7:43
2012,5/22/12 13:00
2012,5/22/12 13:30
2012,5/23/12 7:30
2012,5/24/12 11:15
2012,5/27/12 15:27
2012,5/30/12 4:00
2012,6/1/12 1:44
2012,6/2/12 8:10
2012,6/4/12 7:40
2012,6/5/12 10:30
2012,6/6/12 0:31
2012,6/6/12 6:05
2012,6/6/12 14:45
2012,6/8/12 7:42
2012,6/8/12 9:05
2012,6/9/12 11:45
2012,6/11/12 8:00
2012,6/11/12 19:47
2012,6/12/12 12:20
2012,6/12/12 14:00
2012,6/13/12 7:00
2012,6/13/12 13:00
2012,6/15/12 15:50
2012,6/17/12 5:52
2012,6/19/12 14:50
2012,6/20/12 10:27
2012,6/20/12 11:07
2012,6/21/12 10:00
2012,6/22/12 13:15
2012,6/23/12 8:30
2012,6/25/12 7:30
2012,6/25/12 16:04
2012,6/27/12 13:30
2012,7/2/12 14:15
2012,7/2/12 18:05
2012,7/3/12 22:30
2012,7/5/12 16:30
2012,7/6/12 11:12
2012,7/6/12 14:15
2012,7/7/12 8:15
2012,7/12/12 11:55
2012,7/13/12 11:30
2012,7/15/12 11:00
2012,7/16/12 9:33
2012,7/17/12 10:40
2012,7/19/12 15:00
2012,7/19/12 16:50
2012,7/20/12 4:00
2012,7/21/12 7:03
2012,7/21/12 17:35
2012,7/23/12 3:30
2012,7/23/12 10:00
2012,7/23/12 20:00
2012,7/24/12 0:00
2012,7/24/12 12:52
2012,7/25/12 7:00
2012,7/26/12 14:15
2012,7/27/12 6:41
2012,7/27/12 14:41
2012,7/30/12 7:25
2012,8/1/12 4:56
2012,8/2/12 21:20
2012,8/3/12 12:00
2012,8/5/12 4:15
2012,8/6/12 10:53
2012,8/7/12 13:30
2012,8/8/12 15:00
2012,8/9/12 13:28
2012,8/15/12 13:04
2012,8/15/12 13:33
2012,8/15/12 18:15
2012,8/17/12 18:30
2012,8/18/12 21:00
2012,8/19/12 7:30
2012,8/19/12 22:30
2012,8/20/12 8:30
2012,8/20/12 15:45
2012,8/22/12 10:00
2012,8/22/12 19:15
2012,8/23/12 10:45
2012,8/23/12 14:47
2012,8/23/12 22:35
2012,8/25/12 12:15
2012,8/27/12 2:41
2012,8/27/12 5:15
2012,8/29/12 13:48
2012,8/30/12 10:45
2012,8/31/12 11:33
2012,8/31/12 17:00
2012,8/31/12 17:20
2012,9/3/12 18:52
2012,9/5/12 10:52
2012,9/5/12 21:45
2012,9/6/12 4:16
2012,9/6/12 5:30
2012,9/6/12 12:45
2012,9/9/12 7:35
2012,9/10/12 16:14
2012,9/11/12 3:10
2012,9/11/12 11:50
2012,9/11/12 15:30
2012,9/12/12 13:50
2012,9/13/12 11:45
2012,9/13/12 11:50
2012,9/13/12 15:28
2012,9/16/12 18:30
2012,9/18/12 6:30
2012,9/18/12 9:00
2012,9/18/12 10:18
2012,9/19/12 9:03
2012,9/21/12 8:30
2012,9/21/12 14:00
2012,9/23/12 1:20
2012,9/24/12 10:50
2012,9/24/12 11:30
2012,9/25/12 18:45
2012,9/26/12 7:30
2012,9/26/12 10:00
2012,9/26/12 13:20
2012,9/26/12 22:06
2012,9/27/12 13:00
2012,9/28/12 12:10
2012,9/29/12 6:45
2012,10/1/12 9:00
2012,10/3/12 14:40
2012,10/7/12 17:36
2012,10/8/12 17:30
2012,10/10/12 5:30
2012,10/10/12 13:00
2012,10/12/12 8:15
2012,10/13/12 17:30
2012,10/14/12 11:20
2012,10/16/12 9:35
2012,10/16/12 13:14
2012,10/16/12 14:58
2012,10/17/12 10:09
2012,10/17/12 17:30
2012,10/18/12 0:30
2012,10/19/12 1:45
2012,10/23/12 11:50
2012,10/25/12 6:00
2012,10/29/12 2:15
2012,10/30/12 11:57
2012,10/30/12 14:30
2012,10/31/12 10:00
2012,10/31/12 16:25
2012,11/2/12 5:30
2012,11/2/12 7:50
2012,11/2/12 8:00
2012,11/2/12 13:33
2012,11/3/12 8:45
2012,11/3/12 10:00
2012,11/5/12 10:12
2012,11/5/12 22:37
2012,11/7/12 10:40
2012,11/7/12 17:00
2012,11/8/12 15:50
2012,11/9/12 0:48
2012,11/11/12 12:45
2012,11/12/12 15:00
2012,11/13/12 8:35
2012,11/13/12 14:30
2012,11/13/12 15:34
2012,11/13/12 17:30
2012,11/15/12 8:00
2012,11/15/12 12:47
2012,11/20/12 9:30
2012,11/20/12 14:33
2012,11/20/12 22:30
2012,11/21/12 5:00
2012,11/21/12 13:30
2012,11/22/12 9:25
2012,11/23/12 10:30
2012,11/24/12 7:08
2012,11/24/12 8:50
2012,11/25/12 2:05
2012,11/25/12 13:02
2012,11/26/12 10:00
2012,11/26/12 12:32
2012,11/28/12 21:30
2012,12/1/12 10:35
2012,12/1/12 11:19
2012,12/1/12 20:44
2012,12/3/12 7:47
2012,12/5/12 17:00
2012,12/10/12 11:00
2012,12/10/12 14:45
2012,12/10/12 16:20
2012,12/11/12 13:30
2012,12/14/12 8:30
2012,12/14/12 16:00
2012,12/16/12 9:00
2012,12/17/12 8:17
2012,12/17/12 11:00
2012,12/18/12 13:00
2012,12/19/12 1:23
2012,12/19/12 13:00
2012,12/19/12 13:30
2012,12/20/12 9:05
2012,12/21/12 6:50
2012,12/21/12 11:00
2012,12/21/12 16:20
2012,12/21/12 21:00
2012,12/22/12 15:09
2012,12/23/12 14:06
2012,12/24/12 7:17
2012,12/24/12 17:00
2012,12/27/12 2:57
2012,12/27/12 13:27
2012,12/29/12 21:02
2012,12/31/12 9:10
2012,12/31/12 15:30
2013,1/1/13 6:28
2013,1/2/13 8:45
2013,1/2/13 9:30
2013,1/2/13 11:44
2013,1/4/13 23:05
2013,1/7/13 6:30
2013,1/7/13 13:30
2013,1/7/13 18:00
2013,1/8/13 9:57
2013,1/8/13 16:30
2013,1/8/13 22:00
2013,1/10/13 6:22
2013,1/10/13 20:30
2013,1/11/13 0:05
2013,1/11/13 8:00
2013,1/11/13 19:58
2013,1/13/13 20:29
2013,1/14/13 15:30
2013,1/15/13 20:00
2013,1/17/13 9:15
2013,1/17/13 13:45
2013,1/17/13 14:00
2013,1/17/13 16:00
2013,1/18/13 4:30
2013,1/21/13 2:20
2013,1/21/13 14:15
2013,1/21/13 14:40
2013,1/21/13 21:00
2013,1/22/13 11:00
2013,1/22/13 11:00
2013,1/23/13 10:00
2013,1/24/13 11:00
2013,1/24/13 12:00
2013,1/24/13 16:45
2013,1/24/13 20:29
2013,1/26/13 12:00
2013,1/27/13 14:00
2013,1/28/13 12:42
2013,1/29/13 7:50
2013,1/29/13 10:30
2013,1/29/13 13:50
2013,1/29/13 14:00
2013,1/30/13 0:05
2013,1/30/13 9:15
2013,1/31/13 6:30
2013,1/31/13 7:15
2013,1/31/13 10:00
2013,2/3/13 17:15
2013,2/4/13 4:50
2013,2/4/13 14:30
2013,2/5/13 10:20
2013,2/5/13 13:30
2013,2/5/13 15:00
2013,2/5/13 17:50
2013,2/6/13 12:00
2013,2/7/13 14:15
2013,2/7/13 15:32
2013,2/8/13 11:05
2013,2/8/13 23:30
2013,2/9/13 13:00
2013,2/11/13 10:39
2013,2/12/13 11:30
2013,2/12/13 16:15
2013,2/13/13 8:10
2013,2/13/13 13:00
2013,2/13/13 14:00
2013,2/14/13 10:46
2013,2/14/13 11:40
2013,2/14/13 18:32
2013,2/15/13 15:00
2013,2/16/13 22:00
2013,2/18/13 8:00
2013,2/18/13 12:08
2013,2/18/13 19:30
2013,2/19/13 11:40
2013,2/19/13 16:45
2013,2/19/13 17:00
2013,2/19/13 17:20
2013,2/21/13 10:00
2013,2/21/13 14:50
2013,2/21/13 18:35
2013,2/22/13 10:30
2013,2/22/13 11:30
2013,2/22/13 13:00
2013,2/23/13 20:30
2013,2/25/13 8:39
2013,2/26/13 14:02
2013,2/27/13 7:45
2013,2/28/13 13:00
2013,2/28/13 15:50
2013,3/1/13 9:00
2013,3/4/13 7:30
2013,3/5/13 5:00
2013,3/5/13 15:30
2013,3/6/13 10:16
2013,3/7/13 9:39
2013,3/7/13 15:00
2013,3/7/13 19:00
2013,3/8/13 9:38
2013,3/9/13 9:00
2013,3/11/13 13:10
2013,3/11/13 15:00
2013,3/12/13 17:46
2013,3/18/13 5:05
2013,3/18/13 8:10
2013,3/18/13 15:26
2013,3/20/13 6:30
2013,3/20/13 16:00
2013,3/23/13 10:00
2013,3/26/13 7:10
2013,3/27/13 9:15
2013,3/29/13 10:04
2013,3/29/13 14:37
2013,3/29/13 15:30
2013,3/31/13 11:16
2013,3/31/13 20:00
2013,4/1/13 7:50
2013,4/1/13 9:32
2013,4/1/13 17:25
2013,4/2/13 10:03
2013,4/2/13 13:40
2013,4/3/13 7:00
2013,4/3/13 10:00
2013,4/3/13 14:30
2013,4/3/13 18:00
2013,4/3/13 22:00
2013,4/4/13 10:00
2013,4/4/13 14:45
2013,4/4/13 18:41
2013,4/5/13 13:10
2013,4/5/13 14:20
2013,4/6/13 8:11
2013,4/6/13 14:20
2013,4/6/13 17:00
2013,4/7/13 18:00
2013,4/7/13 20:15
2013,4/9/13 19:20
2013,4/12/13 7:13
2013,4/12/13 10:29
2013,4/14/13 14:10
2013,4/15/13 14:00
2013,4/17/13 13:25
2013,4/19/13 11:00
2013,4/19/13 15:30
2013,4/20/13 10:20
2013,4/22/13 0:34
2013,4/22/13 14:53
2013,4/23/13 11:08
2013,4/23/13 11:30
2013,4/23/13 14:00
2013,4/23/13 15:03
2013,4/24/13 20:00
2013,4/25/13 6:30
2013,4/29/13 8:37
2013,4/30/13 13:40
2013,5/1/13 15:12
2013,5/2/13 8:12
2013,5/3/13 6:45
2013,5/3/13 12:15
2013,5/3/13 14:04
2013,5/3/13 17:30
2013,5/6/13 6:10
2013,5/6/13 7:30
2013,5/6/13 12:15
2013,5/6/13 19:00
2013,5/7/13 8:30
2013,5/7/13 9:44
2013,5/7/13 10:00
2013,5/8/13 10:15
2013,5/8/13 10:30
2013,5/9/13 4:00
2013,5/10/13 13:10
2013,5/11/13 13:30
2013,5/12/13 16:48
2013,5/14/13 9:30
2013,5/14/13 13:05
2013,5/15/13 11:49
2013,5/15/13 13:23
2013,5/16/13 0:00
2013,5/16/13 9:20
2013,5/16/13 14:00
2013,5/17/13 7:00
2013,5/17/13 14:00
2013,5/18/13 12:54
2013,5/18/13 14:00
2013,5/19/13 6:15
2013,5/19/13 17:00
2013,5/19/13 18:35
2013,5/20/13 9:45
2013,5/21/13 6:30
2013,5/22/13 14:15
2013,5/23/13 8:43
2013,5/23/13 18:39
2013,5/24/13 17:30
2013,5/27/13 7:30
2013,5/28/13 8:15
2013,5/28/13 8:30
2013,5/28/13 11:45
2013,5/29/13 6:58
2013,5/29/13 11:00
2013,5/31/13 0:30
2013,5/31/13 11:20
2013,6/1/13 12:30
2013,6/2/13 22:33
2013,6/3/13 12:24
2013,6/4/13 6:45
2013,6/5/13 8:38
2013,6/6/13 9:15
2013,6/6/13 18:07
2013,6/7/13 8:00
2013,6/7/13 13:30
2013,6/10/13 11:30
2013,6/12/13 14:04
2013,6/12/13 16:00
2013,6/14/13 9:15
2013,6/15/13 9:00
2013,6/16/13 6:30
2013,6/16/13 9:30
2013,6/17/13 10:30
2013,6/18/13 10:00
2013,6/18/13 18:40
2013,6/18/13 22:30
2013,6/20/13 11:25
2013,6/20/13 18:00
2013,6/25/13 5:00
2013,6/26/13 12:10
2013,6/27/13 2:37
2013,6/29/13 5:50
2013,6/29/13 22:05
2013,6/30/13 9:30
2013,6/30/13 19:45
2013,7/1/13 15:00
2013,7/1/13 17:20
2013,7/2/13 17:25
2013,7/9/13 7:20
2013,7/9/13 9:35
2013,7/9/13 15:02
2013,7/10/13 9:15
2013,7/11/13 11:00
2013,7/11/13 13:30
2013,7/11/13 14:00
2013,7/11/13 16:00
2013,7/12/13 16:15
2013,7/15/13 12:10
2013,7/15/13 18:03
2013,7/16/13 6:10
2013,7/16/13 15:30
2013,7/18/13 16:15
2013,7/19/13 16:00
2013,7/20/13 12:17
2013,7/22/13 6:58
2013,7/22/13 10:00
2013,7/22/13 14:13
2013,7/22/13 15:30
2013,7/23/13 13:55
2013,7/25/13 16:30
2013,7/26/13 8:00
2013,7/27/13 8:31
2013,7/27/13 10:00
2013,7/29/13 0:00
2013,7/29/13 14:30
2013,7/30/13 9:00
2013,7/30/13 10:00
2013,7/31/13 12:21
2013,7/31/13 14:00
2013,8/1/13 0:55
2013,8/1/13 9:40
2013,8/1/13 13:00
2013,8/1/13 20:00
2013,8/3/13 9:18
2013,8/4/13 21:00
2013,8/5/13 0:00
2013,8/6/13 14:00
2013,8/8/13 8:28
2013,8/8/13 10:50
2013,8/8/13 12:42
2013,8/9/13 11:20
2013,8/10/13 12:44
2013,8/12/13 18:58
2013,8/12/13 23:10
2013,8/13/13 12:50
2013,8/13/13 14:15
2013,8/13/13 14:55
2013,8/15/13 10:50
2013,8/15/13 13:00
2013,8/16/13 4:55
2013,8/18/13 5:30
2013,8/19/13 9:51
2013,8/19/13 10:32
2013,8/19/13 11:36
2013,8/19/13 17:45
2013,8/20/13 8:08
2013,8/20/13 12:00
2013,8/21/13 16:25
2013,8/21/13 21:00
2013,8/22/13 17:45
2013,8/25/13 14:30
2013,8/29/13 7:30
2013,8/29/13 8:00
2013,8/30/13 11:55
2013,8/31/13 14:36
2013,9/3/13 21:34
2013,9/4/13 11:45
2013,9/4/13 12:00
2013,9/5/13 11:00
2013,9/8/13 10:19
2013,9/9/13 8:45
2013,9/9/13 15:00
2013,9/12/13 7:20
2013,9/12/13 21:45
2013,9/14/13 23:15
2013,9/17/13 2:06
2013,9/18/13 10:18
2013,9/19/13 8:56
2013,9/23/13 10:12
2013,9/23/13 12:51
2013,9/23/13 22:50
2013,9/24/13 13:08
2013,9/26/13 14:30
2013,9/26/13 19:25
2013,9/27/13 9:08
2013,9/27/13 10:00
2013,9/29/13 11:40
2013,9/30/13 7:20
2013,9/30/13 18:45
2013,10/1/13 7:20
2013,10/3/13 10:40
2013,10/5/13 8:30
2013,10/5/13 19:42
2013,10/6/13 12:30
2013,10/10/13 15:05
2013,10/13/13 8:15
2013,10/14/13 13:27
2013,10/14/13 14:28
2013,10/15/13 18:05
2013,10/15/13 18:45
2013,10/16/13 16:25
2013,10/17/13 17:00
2013,10/18/13 6:45
2013,10/20/13 9:45
2013,10/22/13 12:29
2013,10/22/13 15:45
2013,10/23/13 13:20
2013,10/23/13 14:30
2013,10/28/13 8:00
2013,10/28/13 14:22
2013,10/29/13 16:00
2013,10/30/13 14:00
2013,10/31/13 11:49
2013,10/31/13 13:23
2013,11/2/13 12:07
2013,11/2/13 17:47
2013,11/3/13 2:20
2013,11/3/13 11:50
2013,11/3/13 13:50
2013,11/5/13 23:42
2013,11/6/13 9:13
2013,11/10/13 18:00
2013,11/12/13 16:00
2013,11/13/13 11:08
2013,11/14/13 7:12
2013,11/14/13 9:33
2013,11/14/13 12:00
2013,11/15/13 9:45
2013,11/18/13 9:00
2013,11/19/13 15:11
2013,11/20/13 12:50
2013,11/20/13 15:20
2013,11/20/13 23:30
2013,11/23/13 10:07
2013,11/23/13 11:00
2013,11/24/13 6:55
2013,11/25/13 15:30
2013,11/26/13 7:40
2013,11/27/13 10:30
2013,11/30/13 9:30
2013,12/1/13 8:11
2013,12/3/13 9:00
2013,12/5/13 8:00
2013,12/5/13 16:12
2013,12/5/13 17:30
2013,12/10/13 9:45
2013,12/11/13 9:00
2013,12/11/13 12:36
2013,12/11/13 13:00
2013,12/13/13 8:03
2013,12/13/13 13:35
2013,12/18/13 13:30
2013,12/19/13 16:30
2013,12/20/13 9:42
2013,12/20/13 12:00
2013,12/21/13 11:20
2013,12/22/13 9:09
2013,12/22/13 15:00
2013,12/23/13 8:30
2013,12/27/13 7:20
2013,12/28/13 9:30
2013,12/28/13 9:30
2013,12/28/13 20:26
2013,12/30/13 6:00
2013,12/31/13 10:30
2014,1/1/14 7:14
2014,1/1/14 8:00
2014,1/2/14 9:15
2014,1/2/14 14:28
2014,1/3/14 10:30
2014,1/4/14 4:00
2014,1/4/14 14:15
2014,1/5/14 21:45
2014,1/6/14 9:05
2014,1/6/14 11:15
2014,1/7/14 7:54
2014,1/7/14 10:30
2014,1/7/14 11:00
2014,1/7/14 16:00
2014,1/8/14 7:00
2014,1/8/14 12:57
2014,1/9/14 4:48
2014,1/10/14 11:30
2014,1/10/14 14:15
2014,1/11/14 10:00
2014,1/12/14 11:45
2014,1/12/14 20:04
2014,1/13/14 10:15
2014,1/13/14 15:00
2014,1/14/14 23:00
2014,1/15/14 8:30
2014,1/15/14 15:05
2014,1/16/14 1:00
2014,1/17/14 8:00
2014,1/17/14 9:30
2014,1/17/14 10:48
2014,1/17/14 11:00
2014,1/18/14 10:31
2014,1/20/14 9:00
2014,1/20/14 14:23
2014,1/21/14 11:19
2014,1/22/14 16:40
2014,1/24/14 12:50
2014,1/24/14 15:00
2014,1/25/14 11:00
2014,1/26/14 11:00
2014,1/27/14 7:00
2014,1/27/14 9:50
2014,1/28/14 9:15
2014,1/28/14 11:45
2014,1/29/14 7:25
2014,1/30/14 13:56
2014,2/1/14 12:45
2014,2/2/14 19:30
2014,2/3/14 13:15
2014,2/4/14 15:30
2014,2/5/14 7:00
2014,2/5/14 17:00
2014,2/6/14 18:20
2014,2/7/14 7:35
2014,2/7/14 12:45
2014,2/9/14 5:25
2014,2/10/14 11:00
2014,2/12/14 7:15
2014,2/12/14 10:15
2014,2/12/14 14:00
2014,2/12/14 14:05
2014,2/13/14 13:26
2014,2/13/14 14:10
2014,2/14/14 7:36
2014,2/14/14 9:00
2014,2/14/14 13:30
2014,2/15/14 10:00
2014,2/16/14 7:00
2014,2/17/14 7:30
2014,2/17/14 9:15
2014,2/17/14 10:50
2014,2/18/14 12:00
2014,2/18/14 18:20
2014,2/19/14 6:18
2014,2/19/14 10:20
2014,2/19/14 18:13
2014,2/20/14 11:00
2014,2/20/14 14:30
2014,2/21/14 2:20
2014,2/21/14 8:00
2014,2/21/14 9:40
2014,2/21/14 10:30
2014,2/24/14 6:43
2014,2/24/14 7:00
2014,2/24/14 9:30
2014,2/24/14 17:04
2014,2/25/14 10:30
2014,2/26/14 14:10
2014,2/27/14 9:22
2014,2/28/14 14:30
2014,3/2/14 8:45
2014,3/2/14 10:54
2014,3/2/14 13:00
2014,3/2/14 13:15
2014,3/3/14 7:30
2014,3/4/14 9:30
2014,3/4/14 10:00
2014,3/4/14 10:20
2014,3/4/14 22:30
2014,3/6/14 11:45
2014,3/6/14 15:24
2014,3/6/14 17:30
2014,3/6/14 19:42
2014,3/7/14 15:45
2014,3/9/14 12:00
2014,3/10/14 9:35
2014,3/11/14 7:00
2014,3/11/14 7:25
2014,3/11/14 11:30
2014,3/13/14 11:15
2014,3/14/14 0:30
2014,3/14/14 0:30
2014,3/14/14 13:13
2014,3/15/14 9:09
2014,3/15/14 18:30
2014,3/16/14 14:00
2014,3/16/14 14:20
2014,3/16/14 17:20
2014,3/17/14 17:00
2014,3/17/14 20:19
2014,3/18/14 14:00
2014,3/18/14 15:50
2014,3/19/14 11:23
2014,3/19/14 13:15
2014,3/19/14 16:40
2014,3/20/14 5:00
2014,3/21/14 15:15
2014,3/21/14 16:11
2014,3/21/14 22:25
2014,3/21/14 22:30
2014,3/22/14 19:07
2014,3/24/14 3:15
2014,3/25/14 13:22
2014,3/26/14 5:18
2014,3/26/14 11:39
2014,3/27/14 9:15
2014,3/28/14 12:00
2014,3/28/14 18:00
2014,3/29/14 14:50
2014,3/30/14 13:45
2014,3/31/14 5:00
2014,3/31/14 13:00
2014,4/1/14 7:30
2014,4/1/14 8:20
2014,4/1/14 13:30
2014,4/2/14 16:00
2014,4/2/14 16:30
2014,4/3/14 7:30
2014,4/3/14 10:00
2014,4/4/14 17:00
2014,4/5/14 7:00
2014,4/5/14 10:00
2014,4/8/14 7:15
2014,4/8/14 9:45
2014,4/8/14 10:25
2014,4/8/14 11:44
2014,4/8/14 18:00
2014,4/9/14 7:30
2014,4/11/14 8:45
2014,4/11/14 14:00
2014,4/14/14 8:30
2014,4/14/14 15:24
2014,4/15/14 23:05
2014,4/16/14 10:31
2014,4/16/14 12:15
2014,4/16/14 23:45
2014,4/17/14 9:49
2014,4/18/14 14:07
2014,4/22/14 1:34
2014,4/22/14 11:00
2014,4/23/14 21:12
2014,4/24/14 8:15
2014,4/24/14 10:00
2014,4/25/14 8:00
2014,4/25/14 8:40
2014,4/25/14 10:00
2014,4/25/14 10:45
2014,4/25/14 14:45
2014,4/25/14 20:30
2014,4/26/14 6:15
2014,4/26/14 8:43
2014,4/26/14 12:00
2014,4/27/14 13:45
2014,4/29/14 6:55
2014,4/29/14 8:30
2014,4/30/14 3:32
2014,4/30/14 6:00
2014,4/30/14 12:45
2014,5/1/14 6:40
2014,5/1/14 8:25
2014,5/1/14 13:00
2014,5/1/14 13:00
2014,5/2/14 7:20
2014,5/2/14 8:30
2014,5/2/14 16:00
2014,5/4/14 9:45
2014,5/6/14 11:18
2014,5/6/14 15:29
2014,5/6/14 16:12
2014,5/7/14 5:30
2014,5/7/14 16:15
2014,5/11/14 16:30
2014,5/12/14 6:16
2014,5/12/14 13:18
2014,5/13/14 5:50
2014,5/13/14 13:00
2014,5/14/14 8:00
2014,5/15/14 0:13
2014,5/18/14 9:50
2014,5/18/14 13:30
2014,5/19/14 9:50
2014,5/20/14 9:30
2014,5/20/14 12:38
2014,5/20/14 13:49
2014,5/21/14 9:43
2014,5/22/14 17:50
2014,5/24/14 11:44
2014,5/24/14 17:27
2014,5/25/14 8:20
2014,5/26/14 18:25
2014,5/27/14 9:00
2014,5/28/14 9:00
2014,5/28/14 14:35
2014,5/28/14 15:30
2014,5/28/14 19:00
2014,5/29/14 13:30
2014,5/31/14 10:15
2014,6/4/14 13:14
2014,6/5/14 2:00
2014,6/8/14 17:45
2014,6/9/14 11:41
2014,6/11/14 11:19
2014,6/14/14 7:08
2014,6/17/14 9:00
2014,6/18/14 4:55
2014,6/18/14 10:00
2014,6/18/14 19:55
2014,6/20/14 2:55
2014,6/20/14 8:17
2014,6/21/14 6:40
2014,6/21/14 10:30
2014,6/23/14 4:10
2014,6/24/14 6:30
2014,6/24/14 8:10
2014,6/24/14 9:25
2014,6/25/14 8:15
2014,6/28/14 20:53
2014,6/29/14 5:00
2014,6/30/14 7:00
2014,6/30/14 9:46
2014,6/30/14 14:00
2014,7/1/14 9:49
2014,7/1/14 15:50
2014,7/3/14 4:10
2014,7/4/14 0:30
2014,7/7/14 16:15
2014,7/8/14 15:45
2014,7/8/14 18:10
2014,7/8/14 18:20
2014,7/10/14 1:30
2014,7/10/14 7:00
2014,7/11/14 11:34
2014,7/13/14 18:15
2014,7/13/14 20:05
2014,7/15/14 15:30
2014,7/19/14 14:28
2014,7/20/14 8:02
2014,7/21/14 14:05
2014,7/22/14 7:40
2014,7/22/14 13:30
2014,7/23/14 13:16
2014,7/23/14 15:38
2014,7/23/14 21:30
2014,7/24/14 15:55
2014,7/25/14 9:29
2014,7/25/14 17:00
2014,7/25/14 18:15
2014,7/25/14 18:45
2014,7/26/14 0:10
2014,7/26/14 5:09
2014,7/26/14 10:00
2014,7/27/14 11:30
2014,7/28/14 1:40
2014,7/31/14 15:30
2014,8/1/14 17:50
2014,8/2/14 11:40
2014,8/2/14 17:00
2014,8/6/14 13:30
2014,8/6/14 14:02
2014,8/7/14 10:05
2014,8/7/14 14:00
2014,8/7/14 16:53
2014,8/7/14 19:49
2014,8/9/14 8:00
2014,8/9/14 15:15
2014,8/10/14 18:45
2014,8/11/14 9:00
2014,8/13/14 16:01
2014,8/14/14 11:00
2014,8/17/14 17:00
2014,8/18/14 6:15
2014,8/18/14 9:30
2014,8/19/14 10:00
2014,8/20/14 8:30
2014,8/21/14 9:30
2014,8/21/14 18:50
2014,8/21/14 21:05
2014,8/22/14 13:00
2014,8/25/14 11:00
2014,8/25/14 21:00
2014,8/26/14 13:45
2014,8/26/14 14:00
2014,8/28/14 9:01
2014,8/29/14 11:00
2014,8/29/14 12:35
2014,8/29/14 18:27
2014,8/29/14 19:45
2014,8/30/14 14:30
2014,8/31/14 14:15
2014,8/31/14 15:35
2014,9/1/14 7:10
2014,9/1/14 7:10
2014,9/1/14 8:00
2014,9/1/14 8:00
2014,9/3/14 3:53
2014,9/4/14 6:40
2014,9/4/14 10:10
2014,9/4/14 11:30
2014,9/5/14 9:05
2014,9/5/14 20:30
2014,9/8/14 14:00
2014,9/10/14 11:15
2014,9/10/14 14:30
2014,9/11/14 18:20
2014,9/12/14 19:30
2014,9/13/14 14:10
2014,9/14/14 6:30
2014,9/14/14 12:10
2014,9/16/14 12:45
2014,9/17/14 12:55
2014,9/18/14 17:36
2014,9/20/14 21:30
2014,9/24/14 3:16
2014,9/24/14 10:00
2014,9/25/14 8:56
2014,9/25/14 9:15
2014,9/25/14 10:43
2014,9/25/14 13:00
2014,9/25/14 15:32
2014,9/25/14 16:30
2014,9/26/14 7:15
2014,9/26/14 11:30
2014,9/26/14 16:00
2014,9/26/14 16:00
2014,9/28/14 18:30
2014,9/29/14 8:35
2014,9/30/14 6:56
2014,9/30/14 15:52
2014,10/2/14 8:49
2014,10/2/14 12:00
2014,10/2/14 15:54
2014,10/2/14 17:00
2014,10/3/14 2:15
2014,10/6/14 1:43
2014,10/6/14 13:30
2014,10/6/14 16:49
2014,10/6/14 23:10
2014,10/8/14 7:00
2014,10/8/14 7:35
2014,10/9/14 14:00
2014,10/10/14 12:30
2014,10/11/14 9:00
2014,10/12/14 11:58
2014,10/13/14 8:00
2014,10/14/14 11:00
2014,10/18/14 4:20
2014,10/18/14 12:56
2014,10/21/14 7:30
2014,10/21/14 12:45
2014,10/22/14 9:00
2014,10/23/14 9:05
2014,10/23/14 14:38
2014,10/24/14 5:35
2014,10/24/14 14:00
2014,10/25/14 9:03
2014,10/27/14 20:04
2014,10/28/14 3:15
2014,10/28/14 3:21
2014,11/1/14 15:45
2014,11/1/14 17:00
2014,11/3/14 13:08
2014,11/3/14 19:55
2014,11/4/14 6:50
2014,11/7/14 7:12
2014,11/8/14 5:20
2014,11/10/14 11:29
2014,11/10/14 16:45
2014,11/10/14 17:33
2014,11/12/14 7:06
2014,11/12/14 7:44
2014,11/12/14 16:00
2014,11/12/14 16:02
2014,11/13/14 7:00
2014,11/13/14 13:55
2014,11/16/14 8:25
2014,11/17/14 9:24
2014,11/17/14 13:26
2014,11/18/14 9:32
2014,11/18/14 11:45
2014,11/19/14 15:00
2014,11/19/14 15:30
2014,11/20/14 9:00
2014,11/24/14 7:20
2014,11/24/14 9:59
2014,11/25/14 9:30
2014,11/25/14 22:07
2014,11/26/14 10:27
2014,11/26/14 22:00
2014,11/30/14 7:29
2014,11/30/14 14:30
2014,12/2/14 18:16
2014,12/3/14 8:45
2014,12/5/14 12:03
2014,12/6/14 2:40
2014,12/6/14 5:16
2014,12/7/14 18:43
2014,12/8/14 9:30
2014,12/8/14 12:52
2014,12/8/14 16:08
2014,12/8/14 18:00
2014,12/9/14 0:22
2014,12/9/14 9:10
2014,12/10/14 0:20
2014,12/10/14 14:12
2014,12/10/14 14:54
2014,12/11/14 6:50
2014,12/11/14 8:45
2014,12/11/14 9:55
2014,12/11/14 10:00
2014,12/13/14 16:06
2014,12/15/14 13:00
2014,12/17/14 9:40
2014,12/17/14 13:30
2014,12/18/14 10:58
2014,12/18/14 14:15
2014,12/21/14 4:00
2014,12/22/14 21:30
2014,12/23/14 20:30
2014,12/24/14 21:49
2014,12/25/14 8:57
2014,12/27/14 3:40
2014,12/30/14 12:00
2014,12/30/14 16:06
2015,1/1/15 12:45
2015,1/5/15 8:40
2015,1/5/15 13:33
2015,1/6/15 11:30
2015,1/6/15 12:10
2015,1/7/15 16:15
2015,1/8/15 12:50
2015,1/9/15 7:53
2015,1/9/15 8:15
2015,1/10/15 20:45
2015,1/12/15 21:20
2015,1/13/15 13:20
2015,1/14/15 14:20
2015,1/14/15 16:20
2015,1/15/15 9:00
2015,1/15/15 14:25
2015,1/15/15 15:23
2015,1/16/15 9:50
2015,1/16/15 10:02
2015,1/17/15 10:15
2015,1/17/15 15:28
2015,1/19/15 7:30
2015,1/19/15 11:40
2015,1/19/15 12:00
2015,1/20/15 6:30
2015,1/20/15 10:15
2015,1/20/15 12:34
2015,1/20/15 14:15
2015,1/21/15 6:38
2015,1/21/15 12:30
2015,1/22/15 7:15
2015,1/22/15 9:00
2015,1/23/15 6:30
2015,1/24/15 12:45
2015,1/25/15 15:28
2015,1/26/15 9:38
2015,1/26/15 11:33
2015,1/26/15 12:10
2015,1/26/15 12:20
2015,1/27/15 5:50
2015,1/29/15 15:00
2015,1/30/15 7:00
2015,1/30/15 7:00
2015,1/30/15 9:55
2015,1/31/15 1:00
2015,2/1/15 2:00
2015,2/1/15 10:30
2015,2/2/15 10:55
2015,2/2/15 12:05
2015,2/2/15 13:24
2015,2/3/15 8:47
2015,2/3/15 14:45
2015,2/4/15 14:15
2015,2/5/15 11:55
2015,2/6/15 12:00
2015,2/10/15 15:15
2015,2/11/15 16:45
2015,2/11/15 18:24
2015,2/12/15 11:28
2015,2/13/15 18:15
2015,2/16/15 8:50
2015,2/17/15 15:00
2015,2/17/15 16:15
2015,2/18/15 11:00
2015,2/20/15 14:07
2015,2/21/15 10:27
2015,2/21/15 18:45
2015,2/22/15 8:17
2015,2/23/15 9:20
2015,2/23/15 11:25
2015,2/24/15 11:55
2015,2/25/15 0:03
2015,2/27/15 6:50
2015,2/27/15 7:00
2015,2/27/15 11:46
2015,2/27/15 15:40
2015,2/27/15 17:15
2015,3/1/15 18:00
2015,3/1/15 19:28
2015,3/2/15 8:00
2015,3/2/15 9:15
2015,3/2/15 10:25
2015,3/2/15 11:00
2015,3/2/15 12:00
2015,3/2/15 14:30
2015,3/2/15 18:15
2015,3/3/15 9:30
2015,3/4/15 5:30
2015,3/4/15 21:00
2015,3/5/15 15:15
2015,3/6/15 8:35
2015,3/8/15 6:29
2015,3/8/15 10:10
2015,3/9/15 11:13
2015,3/9/15 16:10
2015,3/10/15 11:55
2015,3/10/15 21:00
2015,3/11/15 19:20
2015,3/11/15 19:20
2015,3/12/15 11:57
2015,3/12/15 14:30
2015,3/12/15 19:25
2015,3/13/15 16:50
2015,3/14/15 10:05
2015,3/14/15 10:45
2015,3/15/15 12:15
2015,3/15/15 21:20
2015,3/16/15 15:17
2015,3/16/15 15:20
2015,3/16/15 16:26
2015,3/17/15 11:00
2015,3/18/15 22:00
2015,3/20/15 1:40
2015,3/20/15 13:52
2015,3/22/15 12:00
2015,3/22/15 15:54
2015,3/24/15 5:15
2015,3/24/15 8:30
2015,3/24/15 10:40
2015,3/26/15 8:41
2015,3/26/15 9:02
2015,3/26/15 10:00
2015,3/28/15 3:05
2015,3/29/15 20:15
2015,3/30/15 17:52
2015,4/1/15 8:10
2015,4/1/15 10:00
2015,4/2/15 17:23
2015,4/6/15 8:40
2015,4/6/15 16:20
2015,4/6/15 18:00
2015,4/8/15 10:10
2015,4/8/15 15:50
2015,4/8/15 15:50
2015,4/10/15 8:30
2015,4/10/15 12:00
2015,4/10/15 15:05
2015,4/11/15 13:51
2015,4/12/15 12:25
2015,4/12/15 14:35
2015,4/15/15 6:08
2015,4/15/15 7:45
2015,4/15/15 8:10
2015,4/16/15 7:45
2015,4/17/15 3:30
2015,4/17/15 6:48
2015,4/17/15 14:30
2015,4/20/15 7:30
2015,4/20/15 16:40
2015,4/20/15 17:05
2015,4/22/15 8:20
2015,4/23/15 7:00
2015,4/23/15 10:10
2015,4/23/15 11:55
2015,4/25/15 9:45
2015,4/25/15 18:30
2015,4/25/15 21:47
2015,4/26/15 19:55
2015,4/27/15 7:38
2015,4/27/15 7:40
2015,4/27/15 13:55
2015,4/29/15 9:00
2015,4/29/15 11:00
2015,4/29/15 11:10
2015,4/29/15 11:35
2015,4/29/15 17:15
2015,5/2/15 12:30
2015,5/3/15 16:00
2015,5/4/15 4:11
2015,5/4/15 11:30
2015,5/4/15 13:47
2015,5/6/15 14:45
2015,5/7/15 9:00
2015,5/8/15 14:00
2015,5/8/15 18:40
2015,5/8/15 19:00
2015,5/9/15 14:00
2015,5/10/15 6:30
2015,5/11/15 5:30
2015,5/11/15 10:30
2015,5/12/15 9:14
2015,5/13/15 8:29
2015,5/14/15 15:08
2015,5/15/15 17:00
2015,5/18/15 2:00
2015,5/18/15 5:58
2015,5/19/15 6:45
2015,5/19/15 10:57
2015,5/20/15 8:45
2015,5/20/15 18:31
2015,5/21/15 9:45
2015,5/21/15 10:30
2015,5/21/15 15:10
2015,5/23/15 5:41
2015,5/25/15 7:33
2015,5/25/15 14:15
2015,5/26/15 7:40
2015,5/27/15 12:30
2015,5/28/15 7:00
2015,5/28/15 13:30
2015,5/29/15 17:00
2015,5/31/15 1:26
2015,5/31/15 13:29
2015,6/1/15 4:09
2015,6/1/15 11:00
2015,6/2/15 4:05
2015,6/2/15 17:30
2015,6/2/15 21:42
2015,6/5/15 8:20
2015,6/5/15 23:37
2015,6/6/15 2:40
2015,6/6/15 17:15
2015,6/7/15 20:38
2015,6/7/15 20:53
2015,6/8/15 15:30
2015,6/9/15 9:00
2015,6/10/15 14:30
2015,6/11/15 13:30
2015,6/12/15 14:50
2015,6/14/15 22:09
2015,6/15/15 23:01
2015,6/16/15 2:31
2015,6/16/15 13:40
2015,6/16/15 17:00
2015,6/18/15 4:09
2015,6/18/15 8:09
2015,6/19/15 8:00
2015,6/19/15 22:56
2015,6/22/15 12:58
2015,6/22/15 13:00
2015,6/23/15 4:00
2015,6/23/15 7:58
2015,6/23/15 8:30
2015,6/23/15 16:25
2015,6/25/15 15:00
2015,6/26/15 12:20
2015,6/29/15 10:25
2015,6/30/15 12:55
2015,6/30/15 13:15
2015,7/2/15 10:56
2015,7/5/15 12:53
2015,7/6/15 8:00
2015,7/7/15 7:30
2015,7/7/15 9:00
2015,7/7/15 13:55
2015,7/9/15 9:00
2015,7/9/15 9:30
2015,7/10/15 7:29
2015,7/11/15 10:56
2015,7/12/15 8:00
2015,7/12/15 15:55
2015,7/13/15 5:00
2015,7/13/15 9:19
2015,7/14/15 19:57
2015,7/15/15 8:09
2015,7/15/15 8:34
2015,7/15/15 14:00
2015,7/16/15 2:20
2015,7/16/15 11:00
2015,7/20/15 0:30
2015,7/20/15 7:30
2015,7/20/15 7:45
2015,7/20/15 12:50
2015,7/20/15 20:58
2015,7/22/15 11:00
2015,7/22/15 13:25
2015,7/22/15 18:57
2015,7/24/15 14:15
2015,7/26/15 9:00
2015,7/27/15 6:00
2015,7/27/15 7:45
2015,7/27/15 20:00
2015,7/28/15 11:45
2015,7/28/15 13:00
2015,7/28/15 14:36
2015,7/28/15 16:55
2015,7/30/15 16:17
2015,7/31/15 0:50
2015,7/31/15 12:30
2015,8/1/15 11:00
2015,8/1/15 14:02
2015,8/2/15 7:55
2015,8/4/15 5:10
2015,8/4/15 7:45
2015,8/5/15 8:30
2015,8/6/15 0:25
2015,8/6/15 11:00
2015,8/6/15 14:09
2015,8/9/15 8:14
2015,8/10/15 12:00
2015,8/11/15 10:15
2015,8/11/15 15:00
2015,8/11/15 17:28
2015,8/12/15 9:24
2015,8/13/15 11:10
2015,8/15/15 10:23
2015,8/17/15 13:00
2015,8/18/15 9:45
2015,8/19/15 13:00
2015,8/19/15 14:00
2015,8/19/15 16:38
2015,8/20/15 4:52
2015,8/21/15 6:12
2015,8/21/15 13:14
2015,8/21/15 17:00
2015,8/24/15 9:30
2015,8/24/15 15:15
2015,8/25/15 5:00
2015,8/25/15 10:15
2015,8/25/15 10:35
2015,8/25/15 11:00
2015,8/25/15 13:00
2015,8/27/15 17:30
2015,8/28/15 9:47
2015,8/28/15 15:05
2015,8/31/15 7:45
2015,8/31/15 8:00
2015,9/1/15 6:35
2015,9/1/15 8:45
2015,9/1/15 14:30
2015,9/2/15 8:06
2015,9/2/15 8:39
2015,9/2/15 9:04
2015,9/2/15 12:50
2015,9/3/15 13:30
2015,9/5/15 3:00
2015,9/8/15 12:00
2015,9/8/15 16:06
2015,9/9/15 9:00
2015,9/9/15 23:39
2015,9/10/15 0:27
2015,9/11/15 8:10
2015,9/11/15 9:15
2015,9/13/15 18:23
2015,9/15/15 3:35
2015,9/15/15 12:30
2015,9/16/15 21:34
2015,9/17/15 1:00
2015,9/19/15 7:40
2015,9/19/15 19:45
2015,9/21/15 8:52
2015,9/21/15 11:10
2015,9/21/15 20:53
2015,9/22/15 15:30
2015,9/22/15 17:10
2015,9/23/15 14:00
2015,9/24/15 4:00
2015,9/24/15 9:45
2015,9/24/15 12:45
2015,9/25/15 23:30
2015,9/26/15 9:00
2015,9/26/15 13:15
2015,9/27/15 23:02
2015,9/28/15 9:10
2015,9/28/15 10:30
2015,9/29/15 11:40
2015,9/30/15 1:10
2015,9/30/15 10:30
2015,10/2/15 18:08
2015,10/4/15 10:30
2015,10/5/15 11:18
2015,10/6/15 21:40
2015,10/7/15 9:30
2015,10/7/15 14:00
2015,10/7/15 16:00
2015,10/8/15 17:20
2015,10/9/15 7:25
2015,10/10/15 10:40
2015,10/11/15 1:41
2015,10/11/15 12:30
2015,10/12/15 2:35
2015,10/12/15 9:54
2015,10/12/15 11:30
2015,10/13/15 10:00
2015,10/13/15 20:00
2015,10/15/15 7:45
2015,10/15/15 16:10
2015,10/15/15 16:10
2015,10/15/15 16:25
2015,10/16/15 12:00
2015,10/16/15 14:02
2015,10/19/15 5:00
2015,10/19/15 10:00
2015,10/20/15 7:30
2015,10/21/15 9:15
2015,10/21/15 9:50
2015,10/22/15 6:05
2015,10/22/15 10:26
2015,10/22/15 11:30
2015,10/23/15 11:20
2015,10/23/15 19:50
2015,10/24/15 6:02
2015,10/26/15 9:30
2015,10/26/15 12:10
2015,10/27/15 12:52
2015,10/27/15 14:30
2015,10/27/15 16:00
2015,10/28/15 13:24
2015,10/28/15 15:01
2015,10/29/15 5:56
2015,10/29/15 10:45
2015,10/29/15 11:30
2015,10/30/15 10:24
2015,10/30/15 11:30
2015,11/1/15 1:24
2015,11/1/15 8:58
2015,11/2/15 7:30
2015,11/2/15 9:30
2015,11/2/15 10:10
2015,11/3/15 10:28
2015,11/3/15 11:20
2015,11/3/15 15:50
2015,11/3/15 23:54
2015,11/4/15 11:16
2015,11/4/15 16:30
2015,11/4/15 23:15
2015,11/5/15 17:15
2015,11/5/15 17:52
2015,11/5/15 18:00
2015,11/6/15 3:25
2015,11/6/15 13:23
2015,11/7/15 12:00
2015,11/9/15 8:00
2015,11/9/15 15:30
2015,11/10/15 6:30
2015,11/10/15 14:30
2015,11/10/15 16:30
2015,11/11/15 9:00
2015,11/11/15 12:15
2015,11/11/15 21:30
2015,11/12/15 13:45
2015,11/14/15 7:45
2015,11/16/15 21:00
2015,11/17/15 11:30
2015,11/17/15 17:10
2015,11/18/15 8:00
2015,11/18/15 13:00
2015,11/20/15 9:30
2015,11/21/15 7:50
2015,11/23/15 10:30
2015,11/25/15 23:00
2015,11/27/15 7:00
2015,11/30/15 11:20
2015,12/1/15 7:15
2015,12/1/15 9:50
2015,12/1/15 22:10
2015,12/2/15 13:00
2015,12/3/15 10:12
2015,12/4/15 7:00
2015,12/8/15 1:38
2015,12/10/15 9:45
2015,12/11/15 10:30
2015,12/14/15 13:45
2015,12/14/15 22:30
2015,12/15/15 17:30
2015,12/16/15 11:20
2015,12/17/15 13:12
2015,12/18/15 7:30
2015,12/21/15 14:20
2015,12/23/15 20:30
2015,12/24/15 15:20
2015,12/25/15 10:10
2016,1/1/16 11:00
2016,1/3/16 18:13
2016,1/4/16 12:15
2016,1/4/16 13:10
2016,1/5/16 8:00
2016,1/8/16 5:15
2016,1/8/16 6:47
2016,1/8/16 8:29
2016,1/8/16 14:15
2016,1/11/16 11:23
2016,1/12/16 3:20
2016,1/12/16 10:45
2016,1/12/16 11:40
2016,1/13/16 6:30
2016,1/13/16 9:50
2016,1/13/16 13:10
2016,1/15/16 4:30
2016,1/15/16 17:30
2016,1/15/16 19:00
2016,1/17/16 14:05
2016,1/18/16 10:15
2016,1/19/16 15:35
2016,1/20/16 7:25
2016,1/20/16 8:05
2016,1/21/16 15:34
2016,1/22/16 9:00
2016,1/22/16 15:00
2016,1/22/16 16:30
2016,1/22/16 17:30
2016,1/23/16 7:10
2016,1/23/16 10:00
2016,1/26/16 8:00
2016,1/26/16 8:35
2016,1/26/16 10:45
2016,1/27/16 14:00
2016,1/27/16 14:04
2016,1/28/16 8:00
2016,1/28/16 21:00
2016,1/29/16 10:00
2016,1/29/16 10:20
2016,1/29/16 14:40
2016,1/30/16 8:35
2016,1/31/16 13:05
2016,2/1/16 11:57
2016,2/3/16 8:15
2016,2/3/16 18:00
2016,2/7/16 8:15
2016,2/7/16 8:45
2016,2/8/16 14:00
2016,2/8/16 19:40
2016,2/10/16 8:15
2016,2/10/16 13:25
2016,2/11/16 8:30
2016,2/11/16 9:20
2016,2/11/16 19:55
2016,2/12/16 8:00
2016,2/12/16 13:29
2016,2/12/16 19:45
2016,2/14/16 8:05
2016,2/14/16 9:00
2016,2/16/16 6:45
2016,2/16/16 12:05
2016,2/16/16 14:30
2016,2/16/16 17:35
2016,2/17/16 10:30
2016,2/17/16 23:35
2016,2/18/16 19:45
2016,2/19/16 9:00
2016,2/20/16 13:00
2016,2/22/16 7:30
2016,2/22/16 11:00
2016,2/22/16 12:25
2016,2/22/16 16:00
2016,2/23/16 1:15
2016,2/23/16 20:58
2016,2/24/16 3:58
2016,2/24/16 10:00
2016,2/24/16 10:00
2016,2/24/16 14:10
2016,2/26/16 18:50
2016,2/28/16 16:33
2016,2/29/16 14:00
2016,2/29/16 20:15
2016,3/3/16 9:15
2016,3/5/16 10:20
2016,3/6/16 4:45
2016,3/7/16 13:15
2016,3/8/16 22:26
2016,3/9/16 9:15
2016,3/10/16 17:25
2016,3/10/16 20:22
2016,3/11/16 8:30
2016,3/11/16 14:30
2016,3/12/16 14:00
2016,3/14/16 12:00
2016,3/16/16 1:44
2016,3/17/16 8:17
2016,3/18/16 10:50
2016,3/20/16 21:17
2016,3/21/16 10:00
2016,3/21/16 19:20
2016,3/22/16 6:40
2016,3/23/16 10:30
2016,3/23/16 11:30
2016,3/23/16 19:39
2016,3/27/16 8:50
2016,3/28/16 8:00
2016,3/28/16 14:50
2016,3/29/16 8:30
2016,3/31/16 5:00
2016,3/31/16 15:08
2016,3/31/16 18:55
2016,4/2/16 12:32
2016,4/4/16 14:03
2016,4/4/16 15:30
2016,4/6/16 9:35
2016,4/10/16 19:10
2016,4/11/16 22:09
2016,4/12/16 8:45
2016,4/12/16 11:00
2016,4/14/16 13:02
2016,4/15/16 11:15
2016,4/15/16 18:10
2016,4/16/16 3:00
2016,4/16/16 23:30
2016,4/19/16 4:00
2016,4/19/16 8:35
2016,4/20/16 11:15
2016,4/20/16 14:30
2016,4/20/16 16:37
2016,4/21/16 6:30
2016,4/21/16 13:10
2016,4/23/16 9:00
2016,4/24/16 5:00
2016,4/24/16 23:35
2016,4/26/16 7:16
2016,4/28/16 10:40
2016,4/28/16 10:45
2016,4/28/16 14:00
2016,5/1/16 7:00
2016,5/4/16 14:00
2016,5/5/16 12:17
2016,5/5/16 15:15
2016,5/5/16 16:16
2016,5/5/16 19:15
2016,5/6/16 14:30
2016,5/6/16 14:56
2016,5/6/16 14:56
2016,5/7/16 7:45
2016,5/8/16 9:10
2016,5/9/16 23:40
2016,5/10/16 11:00
2016,5/10/16 14:00
2016,5/11/16 9:30
2016,5/12/16 6:51
2016,5/13/16 12:15
2016,5/14/16 12:30
2016,5/15/16 12:35
2016,5/15/16 15:00
2016,5/16/16 2:35
2016,5/16/16 6:10
2016,5/17/16 12:44
2016,5/19/16 6:45
2016,5/20/16 0:35
2016,5/20/16 14:21
2016,5/21/16 7:10
2016,5/23/16 12:35
2016,5/23/16 19:48
2016,5/24/16 13:45
2016,5/25/16 7:00
2016,5/25/16 15:49
2016,5/25/16 17:30
2016,5/25/16 19:40
2016,5/27/16 11:55
2016,5/27/16 13:04
2016,5/30/16 18:00
2016,5/31/16 7:40
2016,6/1/16 6:10
2016,6/1/16 11:00
2016,6/1/16 22:20
2016,6/2/16 9:45
2016,6/2/16 14:20
2016,6/2/16 16:00
2016,6/3/16 1:05
2016,6/3/16 12:00
2016,6/6/16 7:00
2016,6/6/16 11:20
2016,6/6/16 15:30
2016,6/7/16 7:30
2016,6/7/16 10:58
2016,6/7/16 12:00
2016,6/9/16 13:40
2016,6/10/16 8:00
2016,6/11/16 13:47
2016,6/12/16 14:00
2016,6/13/16 18:45
2016,6/14/16 6:30
2016,6/14/16 14:30
2016,6/15/16 17:30
2016,6/17/16 5:27
2016,6/19/16 20:45
2016,6/20/16 6:00
2016,6/20/16 10:00
2016,6/20/16 15:00
2016,6/20/16 20:00
2016,6/22/16 9:30
2016,6/23/16 5:55
2016,6/23/16 13:56
2016,6/25/16 9:27
2016,6/27/16 9:45
2016,6/27/16 11:00
2016,7/1/16 9:15
2016,7/2/16 6:50
2016,7/5/16 15:00
2016,7/6/16 9:55
2016,7/6/16 10:15
2016,7/6/16 18:30
2016,7/12/16 12:00
2016,7/12/16 12:30
2016,7/13/16 18:35
2016,7/13/16 21:32
2016,7/14/16 8:10
2016,7/14/16 11:42
2016,7/14/16 13:13
2016,7/17/16 9:30
2016,7/19/16 10:00
2016,7/20/16 15:35
2016,7/20/16 15:50
2016,7/22/16 6:00
2016,7/22/16 19:23
2016,7/25/16 7:45
2016,7/25/16 12:01
2016,7/26/16 9:40
2016,7/26/16 13:45
2016,7/27/16 23:00
2016,7/28/16 10:57
2016,7/28/16 13:40
2016,7/28/16 14:25
2016,7/29/16 8:32
2016,7/29/16 23:17
2016,7/30/16 13:01
2016,7/31/16 12:50
2016,8/1/16 17:20
2016,8/2/16 3:30
2016,8/2/16 17:00
2016,8/3/16 15:24
2016,8/5/16 8:15
2016,8/5/16 15:30
2016,8/5/16 16:30
2016,8/5/16 17:45
2016,8/6/16 13:00
2016,8/8/16 6:12
2016,8/8/16 6:45
2016,8/9/16 9:19
2016,8/9/16 13:30
2016,8/9/16 14:42
2016,8/9/16 18:40
2016,8/10/16 8:35
2016,8/10/16 9:15
2016,8/10/16 12:02
2016,8/12/16 11:00
2016,8/13/16 2:45
2016,8/13/16 4:10
2016,8/13/16 7:49
2016,8/13/16 10:42
2016,8/13/16 17:00
2016,8/14/16 2:45
2016,8/15/16 9:45
2016,8/15/16 16:33
2016,8/15/16 22:00
2016,8/16/16 4:19
2016,8/16/16 20:21
2016,8/17/16 7:05
2016,8/17/16 7:20
2016,8/18/16 11:00
2016,8/19/16 11:00
2016,8/22/16 2:30
2016,8/23/16 18:00
2016,8/23/16 19:45
2016,8/24/16 21:30
2016,8/25/16 6:00
2016,8/25/16 10:48
2016,8/25/16 15:55
2016,8/26/16 7:50
2016,8/29/16 10:15
2016,8/30/16 7:15
2016,8/30/16 13:30
2016,8/30/16 16:05
2016,8/31/16 16:35
2016,9/5/16 8:50
2016,9/5/16 13:07
2016,9/5/16 13:45
2016,9/6/16 8:30
2016,9/6/16 11:50
2016,9/6/16 15:50
2016,9/7/16 12:30
2016,9/8/16 2:00
2016,9/9/16 11:10
2016,9/10/16 17:15
2016,9/11/16 19:30
2016,9/15/16 12:03
2016,9/16/16 14:56
2016,9/17/16 6:00
2016,9/18/16 13:00
2016,9/19/16 7:30
2016,9/20/16 0:05
2016,9/20/16 15:20
2016,9/22/16 8:37
2016,9/22/16 9:00
2016,9/22/16 10:23
2016,9/22/16 12:48
2016,9/23/16 13:03
2016,9/24/16 9:15
2016,9/25/16 20:11
2016,9/26/16 10:00
2016,9/27/16 9:27
2016,9/28/16 14:30
2016,9/29/16 6:45
2016,9/29/16 13:11
2016,9/30/16 17:00
2016,10/1/16 5:05
2016,10/2/16 8:00
2016,10/2/16 12:00
2016,10/2/16 19:03
2016,10/3/16 8:00
2016,10/3/16 18:00
2016,10/5/16 9:30
2016,10/6/16 19:45
2016,10/7/16 17:35
2016,10/11/16 0:53
2016,10/11/16 13:30
2016,10/12/16 8:00
2016,10/12/16 15:30
2016,10/13/16 10:30
2016,10/15/16 11:00
2016,10/16/16 15:10
2016,10/17/16 12:30
2016,10/17/16 14:55
2016,10/17/16 17:36
2016,10/17/16 21:26
2016,10/17/16 21:50
2016,10/18/16 7:05
2016,10/20/16 6:06
2016,10/20/16 9:48
2016,10/21/16 3:02
2016,10/23/16 21:51
2016,10/26/16 10:01
2016,10/27/16 14:10
2016,10/28/16 17:50
2016,10/29/16 5:30
2016,10/29/16 21:21
2016,10/31/16 11:30
2016,10/31/16 14:51
2016,11/1/16 10:15
2016,11/1/16 13:35
2016,11/2/16 5:00
2016,11/2/16 15:50
2016,11/2/16 16:50
2016,11/3/16 19:21
2016,11/4/16 6:00
2016,11/6/16 17:00
2016,11/6/16 18:45
2016,11/7/16 6:55
2016,11/8/16 9:55
2016,11/8/16 15:36
2016,11/11/16 19:00
2016,11/12/16 10:31
2016,11/15/16 13:45
2016,11/15/16 16:46
2016,11/16/16 11:10
2016,11/16/16 11:38
2016,11/16/16 13:41
2016,11/19/16 8:20
2016,11/20/16 16:01
2016,11/21/16 3:20
2016,11/21/16 19:30
2016,11/24/16 5:15
2016,11/28/16 10:27
2016,11/29/16 7:30
2016,11/29/16 10:05
2016,11/29/16 18:27
2016,11/30/16 5:30
2016,12/1/16 3:23
2016,12/1/16 3:57
2016,12/1/16 10:50
2016,12/2/16 5:48
2016,12/2/16 6:30
2016,12/2/16 15:18
2016,12/5/16 10:30
2016,12/6/16 17:35
2016,12/7/16 5:07
2016,12/9/16 19:15
2016,12/10/16 19:30
2016,12/10/16 22:27
2016,12/11/16 1:15
2016,12/12/16 16:10
2016,12/13/16 9:50
2016,12/14/16 0:14
2016,12/14/16 8:00
2016,12/14/16 15:05
2016,12/15/16 13:12
2016,12/17/16 6:00
2016,12/19/16 6:45
2016,12/19/16 13:50
2016,12/19/16 14:10
2016,12/19/16 14:45
2016,12/20/16 16:15
2016,12/21/16 11:40
2016,12/22/16 21:25
2016,12/23/16 15:00
2016,12/24/16 9:35
2016,12/26/16 7:20
2016,12/27/16 8:40
2016,12/28/16 16:20
2016,12/29/16 6:40
2017,1/3/17 10:00
2017,1/9/17 7:40